Conference,Year,Gender,Bundle_ID,Event,1st,8th,16th,Sec_per_place,Source_File,Data_Quality,1st_flags,8th_flags,16th_flags
ACC,2026,men,acc_2026,100 Back,44.21,45.06,47.98,0.2513,2026_acc_championship_full_meet_results.pdf,prelim_fallback,,,
ACC,2026,men,acc_2026,100 Breast,50.32,52.18,52.66,0.156,2026_acc_championship_full_meet_results.pdf,prelim_fallback,,,
ACC,2026,men,acc_2026,100 Fly,44.07,45.32,46.15,0.1387,2026_acc_championship_full_meet_results.pdf,prelim_fallback,,,
ACC,2026,men,acc_2026,100 Free,40.93,41.88,42.40,0.098,2026_acc_championship_full_meet_results.pdf,prelim_fallback,,,
ACC,2026,men,acc_2026,1650 Free,14:32.68,14:57.35,15:07.09,2.294,2026_acc_championship_full_meet_results.pdf,prelim_fallback,,,
ACC,2026,men,acc_2026,200 Back,1:39.08,1:40.03,1:40.72,0.1093,2026_acc_championship_full_meet_results.pdf,prelim_fallback,,,
ACC,2026,men,acc_2026,200 Breast,1:48.87,1:53.92,1:56.44,0.5047,2026_acc_championship_full_meet_results.pdf,prelim_fallback,,,
ACC,2026,men,acc_2026,200 Fly,1:38.78,1:42.26,1:44.23,0.3633,2026_acc_championship_full_meet_results.pdf,prelim_fallback,,,
ACC,2026,men,acc_2026,200 Free,1:31.05,1:33.61,1:35.62,0.3047,2026_acc_championship_full_meet_results.pdf,prelim_fallback,,,
ACC,2026,men,acc_2026,200 IM,1:40.39,1:43.73,1:44.93,0.3027,2026_acc_championship_full_meet_results.pdf,prelim_fallback,,,
ACC,2026,men,acc_2026,400 IM,3:38.58,3:42.79,3:46.31,0.5153,2026_acc_championship_full_meet_results.pdf,prelim_fallback,,,
ACC,2026,men,acc_2026,50 Free,18.63,19.10,19.43,0.0533,2026_acc_championship_full_meet_results.pdf,prelim_fallback,,,
ACC,2026,men,acc_2026,500 Free,4:09.44,4:14.19,4:21.31,0.7913,2026_acc_championship_full_meet_results.pdf,prelim_fallback,,,
ACC,2026,women,acc_2026,100 Back,48.38,51.23,52.07,0.246,2026_acc_championship_full_meet_results.pdf,prelim_fallback,,,
ACC,2026,women,acc_2026,100 Breast,56.77,58.94,1:01.38,0.3073,2026_acc_championship_full_meet_results.pdf,prelim_fallback,,,
ACC,2026,women,acc_2026,100 Fly,48.26,51.05,52.47,0.2807,2026_acc_championship_full_meet_results.pdf,prelim_fallback,,,
ACC,2026,women,acc_2026,100 Free,45.71,47.84,48.20,0.166,2026_acc_championship_full_meet_results.pdf,prelim_fallback,,,
ACC,2026,women,acc_2026,1650 Free,15:45.20,16:23.18,16:37.29,3.4727,2026_acc_championship_full_meet_results.pdf,prelim_fallback,,,
ACC,2026,women,acc_2026,200 Back,1:46.09,1:51.46,1:56.83,0.716,2026_acc_championship_full_meet_results.pdf,prelim_fallback,,,
ACC,2026,women,acc_2026,200 Breast,2:04.82,2:07.45,2:10.19,0.358,2026_acc_championship_full_meet_results.pdf,prelim_fallback,,,
ACC,2026,women,acc_2026,200 Fly,1:51.52,1:55.21,1:57.00,0.3653,2026_acc_championship_full_meet_results.pdf,prelim_fallback,,,
ACC,2026,women,acc_2026,200 Free,1:39.72,1:43.25,1:45.55,0.3887,2026_acc_championship_full_meet_results.pdf,prelim_fallback,,,
ACC,2026,women,acc_2026,200 IM,1:51.27,1:56.28,1:58.59,0.488,2026_acc_championship_full_meet_results.pdf,prelim_fallback,,,
ACC,2026,women,acc_2026,400 IM,3:59.11,4:05.10,4:13.01,0.9267,2026_acc_championship_full_meet_results.pdf,prelim_fallback,,,
ACC,2026,women,acc_2026,50 Free,21.09,21.99,22.05,0.064,2026_acc_championship_full_meet_results.pdf,prelim_fallback,,,
ACC,2026,women,acc_2026,500 Free,4:33.78,4:39.91,4:46.17,0.826,2026_acc_championship_full_meet_results.pdf,prelim_fallback,,,
ASUN,2026,men,asun_2026,100 Back,46.00,48.99,51.41,0.3607,2026 ASUN full_meet_results.pdf,prelim_fallback,,,
ASUN,2026,men,asun_2026,100 Breast,51.51,54.07,56.31,0.32,2026 ASUN full_meet_results.pdf,prelim_fallback,,,
ASUN,2026,men,asun_2026,100 Fly,46.27,48.01,49.73,0.2307,2026 ASUN full_meet_results.pdf,prelim_fallback,,,
ASUN,2026,men,asun_2026,100 Free,42.59,44.76,45.78,0.2127,2026 ASUN full_meet_results.pdf,prelim_fallback,,,
ASUN,2026,men,asun_2026,1650 Free,15:25.13,15:47.54,16:02.06,2.462,2026 ASUN full_meet_results.pdf,prelim_fallback,,,
ASUN,2026,men,asun_2026,200 Back,1:43.15,1:48.41,1:56.08,0.862,2026 ASUN full_meet_results.pdf,prelim_fallback,,,
ASUN,2026,men,asun_2026,200 Breast,1:56.02,2:00.45,2:03.02,0.4667,2026 ASUN full_meet_results.pdf,prelim_fallback,,,
ASUN,2026,men,asun_2026,200 Fly,1:45.97,1:48.69,1:52.09,0.408,2026 ASUN full_meet_results.pdf,prelim_fallback,,,
ASUN,2026,men,asun_2026,200 Free,1:32.42,1:38.01,1:40.77,0.5567,2026 ASUN full_meet_results.pdf,prelim_fallback,,,
ASUN,2026,men,asun_2026,200 IM,1:45.65,1:49.05,1:51.59,0.396,2026 ASUN full_meet_results.pdf,prelim_fallback,,,
ASUN,2026,men,asun_2026,400 IM,3:48.22,3:56.62,4:01.98,0.9173,2026 ASUN full_meet_results.pdf,prelim_fallback,,,
ASUN,2026,men,asun_2026,50 Free,19.43,19.82,20.48,0.07,2026 ASUN full_meet_results.pdf,prelim_fallback,,,
ASUN,2026,men,asun_2026,500 Free,4:22.74,4:32.02,4:34.40,0.7773,2026 ASUN full_meet_results.pdf,prelim_fallback,,,
ASUN,2026,women,asun_2026,100 Back,53.04,56.10,57.48,0.296,2026 ASUN full_meet_results.pdf,prelim_fallback,,,
ASUN,2026,women,asun_2026,100 Breast,1:00.90,1:04.08,1:05.47,0.3047,2026 ASUN full_meet_results.pdf,prelim_fallback,,,
ASUN,2026,women,asun_2026,100 Fly,51.92,55.25,57.46,0.3693,2026 ASUN full_meet_results.pdf,prelim_fallback,,,
ASUN,2026,women,asun_2026,100 Free,49.41,50.71,51.55,0.1427,2026 ASUN full_meet_results.pdf,prelim_fallback,,,
ASUN,2026,women,asun_2026,1650 Free,16:30.48,17:29.10,17:57.37,5.7927,2026 ASUN full_meet_results.pdf,prelim_fallback,,,
ASUN,2026,women,asun_2026,200 Back,1:56.82,2:00.90,2:05.89,0.6047,2026 ASUN full_meet_results.pdf,prelim_fallback,,,
ASUN,2026,women,asun_2026,200 Breast,2:11.40,2:20.55,2:23.72,0.8213,2026 ASUN full_meet_results.pdf,prelim_fallback,,,
ASUN,2026,women,asun_2026,200 Fly,1:55.65,2:00.18,2:06.98,0.7553,2026 ASUN full_meet_results.pdf,prelim_fallback,,,
ASUN,2026,women,asun_2026,200 Free,1:48.41,1:50.56,1:53.45,0.336,2026 ASUN full_meet_results.pdf,prelim_fallback,,,
ASUN,2026,women,asun_2026,200 IM,1:59.84,2:03.53,2:07.20,0.4907,2026 ASUN full_meet_results.pdf,prelim_fallback,,,
ASUN,2026,women,asun_2026,400 IM,4:15.97,4:26.35,4:40.80,1.6553,2026 ASUN full_meet_results.pdf,prelim_fallback,,,
ASUN,2026,women,asun_2026,50 Free,22.50,23.45,24.02,0.1013,2026 ASUN full_meet_results.pdf,prelim_fallback,,,
ASUN,2026,women,asun_2026,500 Free,4:46.80,5:02.07,5:07.48,1.3787,2026 ASUN full_meet_results.pdf,prelim_fallback,,,
America East,2026,men,americaeast_2026,100 Back,48.03,49.53,52.30,0.2847,america east 2026_meet_results.pdf,prelim_fallback,,,
America East,2026,men,americaeast_2026,100 Breast,53.99,56.22,59.83,0.3893,america east 2026_meet_results.pdf,prelim_fallback,,,
America East,2026,men,americaeast_2026,100 Fly,46.64,48.55,49.78,0.2093,america east 2026_meet_results.pdf,prelim_fallback,,,
America East,2026,men,americaeast_2026,100 Free,43.58,44.81,45.98,0.16,america east 2026_meet_results.pdf,prelim_fallback,,,
America East,2026,men,americaeast_2026,1650 Free,15:29.98,16:04.80,16:36.76,4.452,america east 2026_meet_results.pdf,prelim_fallback,,,
America East,2026,men,americaeast_2026,200 Back,1:45.66,1:53.42,1:57.05,0.7593,america east 2026_meet_results.pdf,prelim_fallback,,,
America East,2026,men,americaeast_2026,200 Breast,1:56.32,2:04.77,2:06.62,0.6867,america east 2026_meet_results.pdf,prelim_fallback,,,
America East,2026,men,americaeast_2026,200 Fly,1:46.53,1:53.05,1:56.98,0.6967,america east 2026_meet_results.pdf,prelim_fallback,,,
America East,2026,men,americaeast_2026,200 Free,1:36.79,1:39.24,1:43.26,0.4313,america east 2026_meet_results.pdf,prelim_fallback,,,
America East,2026,men,americaeast_2026,200 IM,1:47.46,1:50.39,1:57.42,0.664,america east 2026_meet_results.pdf,prelim_fallback,,,
America East,2026,men,americaeast_2026,400 IM,3:55.07,4:03.42,4:07.35,0.8187,america east 2026_meet_results.pdf,prelim_fallback,,,
America East,2026,men,americaeast_2026,50 Free,19.94,20.65,21.31,0.0913,america east 2026_meet_results.pdf,prelim_fallback,,,
America East,2026,men,americaeast_2026,500 Free,4:25.84,4:38.15,4:39.51,0.9113,america east 2026_meet_results.pdf,prelim_fallback,,,
America East,2026,women,americaeast_2026,100 Back,54.86,56.80,59.79,0.3287,america east 2026_meet_results.pdf,prelim_fallback,,,
America East,2026,women,americaeast_2026,100 Breast,1:01.58,1:04.90,1:07.37,0.386,america east 2026_meet_results.pdf,prelim_fallback,,,
America East,2026,women,americaeast_2026,100 Fly,53.10,57.50,58.02,0.328,america east 2026_meet_results.pdf,prelim_fallback,,,
America East,2026,women,americaeast_2026,100 Free,49.20,51.56,53.69,0.2993,america east 2026_meet_results.pdf,prelim_fallback,,,
America East,2026,women,americaeast_2026,1650 Free,16:28.27,17:16.90,17:42.85,4.972,america east 2026_meet_results.pdf,prelim_fallback,,,
America East,2026,women,americaeast_2026,200 Back,1:58.94,2:02.29,2:07.31,0.558,america east 2026_meet_results.pdf,prelim_fallback,,,
America East,2026,women,americaeast_2026,200 Breast,2:15.57,2:22.96,2:29.63,0.9373,america east 2026_meet_results.pdf,prelim_fallback,,,
America East,2026,women,americaeast_2026,200 Fly,1:59.21,2:06.75,2:12.74,0.902,america east 2026_meet_results.pdf,prelim_fallback,,,
America East,2026,women,americaeast_2026,200 Free,1:47.80,1:53.65,1:54.64,0.456,america east 2026_meet_results.pdf,prelim_fallback,,,
America East,2026,women,americaeast_2026,200 IM,2:02.02,2:08.10,2:08.83,0.454,america east 2026_meet_results.pdf,prelim_fallback,,,
America East,2026,women,americaeast_2026,400 IM,4:25.04,4:29.71,4:35.85,0.7207,america east 2026_meet_results.pdf,prelim_fallback,,,
America East,2026,women,americaeast_2026,50 Free,22.25,23.63,23.83,0.1053,america east 2026_meet_results.pdf,prelim_fallback,,,
America East,2026,women,americaeast_2026,500 Free,4:45.90,5:01.25,5:11.03,1.6753,america east 2026_meet_results.pdf,prelim_fallback,,,
Atlantic 10,2026,men,atlantic10_2026,100 Back,46.24,48.95,50.05,0.254,2026_A_10_Swimming_Diving_Championships_Final_Results.pdf,finals,,,
Atlantic 10,2026,men,atlantic10_2026,100 Breast,53.08,55.12,55.90,0.188,2026_A_10_Swimming_Diving_Championships_Final_Results.pdf,finals,,,
Atlantic 10,2026,men,atlantic10_2026,1650 Free,15:09.61,15:41.24,16:18.82,4.614,2026_A_10_Swimming_Diving_Championships_Final_Results.pdf,finals,,,
Atlantic 10,2026,men,atlantic10_2026,200 Back,1:43.53,1:46.39,1:50.67,0.476,2026_A_10_Swimming_Diving_Championships_Final_Results.pdf,finals,,,
Atlantic 10,2026,men,atlantic10_2026,200 Breast,1:57.02,2:01.43,2:03.60,0.4387,2026_A_10_Swimming_Diving_Championships_Final_Results.pdf,finals,,,
Atlantic 10,2026,men,atlantic10_2026,200 Fly,1:41.72,1:49.77,1:51.35,0.642,2026_A_10_Swimming_Diving_Championships_Final_Results.pdf,finals,,,
Atlantic 10,2026,men,atlantic10_2026,200 Free,1:33.46,1:39.53,1:40.02,0.4373,2026_A_10_Swimming_Diving_Championships_Final_Results.pdf,finals,,,
Atlantic 10,2026,men,atlantic10_2026,200 IM,1:44.78,1:49.91,1:51.04,0.4173,2026_A_10_Swimming_Diving_Championships_Final_Results.pdf,finals,,,
Atlantic 10,2026,men,atlantic10_2026,400 IM,3:47.60,3:59.55,4:08.04,1.3627,2026_A_10_Swimming_Diving_Championships_Final_Results.pdf,finals,,,
Atlantic 10,2026,men,atlantic10_2026,50 Free,19.18,20.46,20.60,0.0947,2026_A_10_Swimming_Diving_Championships_Final_Results.pdf,finals,,,
Atlantic 10,2026,men,atlantic10_2026,500 Free,4:19.28,4:28.10,4:39.77,1.366,2026_A_10_Swimming_Diving_Championships_Final_Results.pdf,finals,,,
Atlantic 10,2026,women,atlantic10_2026,100 Back,53.92,55.85,56.90,0.1987,2026_A_10_Swimming_Diving_Championships_Final_Results.pdf,finals,,,
Atlantic 10,2026,women,atlantic10_2026,100 Breast,1:01.29,1:03.17,1:03.78,0.166,2026_A_10_Swimming_Diving_Championships_Final_Results.pdf,finals,,,
Atlantic 10,2026,women,atlantic10_2026,100 Fly,53.38,54.60,56.27,0.1927,2026_A_10_Swimming_Diving_Championships_Final_Results.pdf,finals,,,
Atlantic 10,2026,women,atlantic10_2026,100 Free,49.84,50.79,51.21,0.0913,2026_A_10_Swimming_Diving_Championships_Final_Results.pdf,finals,,,
Atlantic 10,2026,women,atlantic10_2026,1650 Free,16:23.28,17:09.26,17:31.43,4.5433,2026_A_10_Swimming_Diving_Championships_Final_Results.pdf,finals,,,
Atlantic 10,2026,women,atlantic10_2026,200 Back,1:55.15,2:03.40,2:04.31,0.6107,2026_A_10_Swimming_Diving_Championships_Final_Results.pdf,finals,,,
Atlantic 10,2026,women,atlantic10_2026,200 Breast,2:12.91,2:17.02,2:19.45,0.436,2026_A_10_Swimming_Diving_Championships_Final_Results.pdf,finals,,,
Atlantic 10,2026,women,atlantic10_2026,200 Fly,1:58.19,2:03.93,2:08.03,0.656,2026_A_10_Swimming_Diving_Championships_Final_Results.pdf,finals,,,
Atlantic 10,2026,women,atlantic10_2026,200 Free,1:48.75,1:51.23,1:53.29,0.3027,2026_A_10_Swimming_Diving_Championships_Final_Results.pdf,finals,,,
Atlantic 10,2026,women,atlantic10_2026,200 IM,1:58.75,2:03.72,2:06.35,0.5067,2026_A_10_Swimming_Diving_Championships_Final_Results.pdf,finals,,,
Atlantic 10,2026,women,atlantic10_2026,400 IM,4:15.21,4:28.19,4:35.32,1.3407,2026_A_10_Swimming_Diving_Championships_Final_Results.pdf,finals,,,
Atlantic 10,2026,women,atlantic10_2026,50 Free,22.64,23.12,23.68,0.0693,2026_A_10_Swimming_Diving_Championships_Final_Results.pdf,finals,,,
Atlantic 10,2026,women,atlantic10_2026,500 Free,4:45.77,5:00.32,5:03.88,1.2073,2026_A_10_Swimming_Diving_Championships_Final_Results.pdf,finals,,,
Big 12,unknown,men,big12_unknown,100 Back,44.79,46.69,47.46,0.178,Big_12_S_D_Champ_Results_pdf.pdf,finals,,,
Big 12,unknown,men,big12_unknown,100 Breast,51.32,53.09,54.15,0.1887,Big_12_S_D_Champ_Results_pdf.pdf,finals,,,
Big 12,unknown,men,big12_unknown,100 Fly,43.77,46.83,47.35,0.2387,Big_12_S_D_Champ_Results_pdf.pdf,finals,,,
Big 12,unknown,men,big12_unknown,100 Free,40.67,42.86,44.18,0.234,Big_12_S_D_Champ_Results_pdf.pdf,finals,,,
Big 12,unknown,men,big12_unknown,1650 Free,14:52.65,15:14.32,15:26.05,2.2267,Big_12_S_D_Champ_Results_pdf.pdf,finals,,,
Big 12,unknown,men,big12_unknown,200 Back,1:38.33,1:44.38,1:44.43,0.4067,Big_12_S_D_Champ_Results_pdf.pdf,finals,,,
Big 12,unknown,men,big12_unknown,200 Breast,1:51.92,1:56.79,1:59.26,0.4893,Big_12_S_D_Champ_Results_pdf.pdf,finals,,,
Big 12,unknown,men,big12_unknown,200 Fly,1:37.70,1:45.56,1:49.18,0.7653,Big_12_S_D_Champ_Results_pdf.pdf,finals,,,
Big 12,unknown,men,big12_unknown,200 Free,1:32.68,1:34.51,1:36.11,0.2287,Big_12_S_D_Champ_Results_pdf.pdf,finals,,,
Big 12,unknown,men,big12_unknown,200 IM,1:43.80,1:47.42,1:47.63,0.2553,Big_12_S_D_Champ_Results_pdf.pdf,finals,,,
Big 12,unknown,men,big12_unknown,400 IM,3:44.46,3:53.00,3:57.86,0.8933,Big_12_S_D_Champ_Results_pdf.pdf,finals,,,
Big 12,unknown,men,big12_unknown,50 Free,18.46,19.25,21.01,0.17,Big_12_S_D_Champ_Results_pdf.pdf,finals,,,
Big 12,unknown,men,big12_unknown,500 Free,4:13.48,4:21.57,4:27.81,0.9553,Big_12_S_D_Champ_Results_pdf.pdf,finals,,,
Big 12,unknown,women,big12_unknown,100 Back,52.31,54.06,54.86,0.17,Big_12_S_D_Champ_Results_pdf.pdf,finals,,,
Big 12,unknown,women,big12_unknown,100 Breast,58.02,1:00.44,1:01.59,0.238,Big_12_S_D_Champ_Results_pdf.pdf,finals,,,
Big 12,unknown,women,big12_unknown,100 Fly,51.97,53.78,55.13,0.2107,Big_12_S_D_Champ_Results_pdf.pdf,finals,,,
Big 12,unknown,women,big12_unknown,100 Free,47.42,49.96,50.48,0.204,Big_12_S_D_Champ_Results_pdf.pdf,finals,,,
Big 12,unknown,women,big12_unknown,1650 Free,16:06.04,16:41.32,16:52.54,3.1,Big_12_S_D_Champ_Results_pdf.pdf,finals,,,
Big 12,unknown,women,big12_unknown,200 Back,1:52.44,1:56.97,1:59.77,0.4887,Big_12_S_D_Champ_Results_pdf.pdf,finals,,,
Big 12,unknown,women,big12_unknown,200 Breast,2:08.11,2:10.72,2:14.64,0.4353,Big_12_S_D_Champ_Results_pdf.pdf,finals,,,
Big 12,unknown,women,big12_unknown,200 Fly,1:56.31,2:01.13,2:02.79,0.432,Big_12_S_D_Champ_Results_pdf.pdf,finals,,,
Big 12,unknown,women,big12_unknown,200 Free,1:44.58,1:47.89,1:48.81,0.282,Big_12_S_D_Champ_Results_pdf.pdf,finals,,,
Big 12,unknown,women,big12_unknown,200 IM,1:57.16,2:03.74,2:03.74,0.4387,Big_12_S_D_Champ_Results_pdf.pdf,finals,,,
Big 12,unknown,women,big12_unknown,400 IM,4:09.22,4:22.50,4:23.38,0.944,Big_12_S_D_Champ_Results_pdf.pdf,finals,,,
Big 12,unknown,women,big12_unknown,50 Free,21.80,22.77,22.97,0.078,Big_12_S_D_Champ_Results_pdf.pdf,finals,,,
Big 12,unknown,women,big12_unknown,500 Free,4:41.34,4:49.50,4:54.15,0.854,Big_12_S_D_Champ_Results_pdf.pdf,finals,,,
Big East,2026,men,bigeast_2026,100 Back,48.45,49.82,51.20,0.1833,big east 2026_full_results.pdf,prelim_fallback,,,
Big East,2026,men,bigeast_2026,100 Breast,53.95,56.07,59.05,0.34,big east 2026_full_results.pdf,prelim_fallback,,,
Big East,2026,men,bigeast_2026,100 Fly,46.44,48.28,50.30,0.2573,big east 2026_full_results.pdf,prelim_fallback,,,
Big East,2026,men,bigeast_2026,100 Free,42.61,44.86,46.86,0.038,big east 2026_full_results.pdf,prelim_fallback,,,
Big East,2026,men,bigeast_2026,1650 Free,15:28.25,15:52.98,16:24.96,3.7807,big east 2026_full_results.pdf,prelim_fallback,,,
Big East,2026,men,bigeast_2026,200 Back,1:45.00,1:50.45,1:51.48,0.432,big east 2026_full_results.pdf,prelim_fallback,,,
Big East,2026,men,bigeast_2026,200 Breast,1:57.83,2:04.22,2:07.04,0.614,big east 2026_full_results.pdf,prelim_fallback,,,
Big East,2026,men,bigeast_2026,200 Fly,1:44.94,1:50.71,1:53.41,0.5647,big east 2026_full_results.pdf,prelim_fallback,,,
Big East,2026,men,bigeast_2026,200 Free,1:36.23,1:39.24,1:42.86,0.442,big east 2026_full_results.pdf,prelim_fallback,,,
Big East,2026,men,bigeast_2026,200 IM,1:45.82,1:49.60,1:50.50,0.312,big east 2026_full_results.pdf,prelim_fallback,,,
Big East,2026,men,bigeast_2026,400 IM,3:47.65,4:01.43,4:08.83,1.412,big east 2026_full_results.pdf,prelim_fallback,,,
Big East,2026,men,bigeast_2026,50 Free,19.21,20.76,21.23,0.1347,big east 2026_full_results.pdf,prelim_fallback,,,
Big East,2026,men,bigeast_2026,500 Free,4:26.25,4:32.56,4:38.04,0.786,big east 2026_full_results.pdf,prelim_fallback,,,
Big East,2026,women,bigeast_2026,100 Back,54.16,55.71,57.42,0.2173,big east 2026_full_results.pdf,prelim_fallback,,,
Big East,2026,women,bigeast_2026,100 Breast,1:01.47,1:03.75,1:06.04,0.3047,big east 2026_full_results.pdf,prelim_fallback,,,
Big East,2026,women,bigeast_2026,100 Fly,53.45,55.96,58.21,0.3173,big east 2026_full_results.pdf,prelim_fallback,,,
Big East,2026,women,bigeast_2026,100 Free,50.02,51.30,52.74,0.1813,big east 2026_full_results.pdf,prelim_fallback,,,
Big East,2026,women,bigeast_2026,1650 Free,16:29.88,17:04.58,17:20.41,3.3687,big east 2026_full_results.pdf,prelim_fallback,,,
Big East,2026,women,bigeast_2026,200 Back,1:56.75,2:02.13,2:08.83,0.8053,big east 2026_full_results.pdf,prelim_fallback,,,
Big East,2026,women,bigeast_2026,200 Breast,2:12.94,2:18.43,2:24.79,0.79,big east 2026_full_results.pdf,prelim_fallback,,,
Big East,2026,women,bigeast_2026,200 Fly,1:58.45,2:04.52,2:08.11,0.644,big east 2026_full_results.pdf,prelim_fallback,,,
Big East,2026,women,bigeast_2026,200 Free,1:48.89,1:50.90,1:53.08,0.2793,big east 2026_full_results.pdf,prelim_fallback,,,
Big East,2026,women,bigeast_2026,200 IM,1:59.54,2:03.47,2:06.51,0.4647,big east 2026_full_results.pdf,prelim_fallback,,,
Big East,2026,women,bigeast_2026,400 IM,4:15.51,4:30.61,4:37.12,1.4407,big east 2026_full_results.pdf,prelim_fallback,,,
Big East,2026,women,bigeast_2026,50 Free,22.63,23.53,24.22,0.106,big east 2026_full_results.pdf,prelim_fallback,,,
Big East,2026,women,bigeast_2026,500 Free,4:50.10,5:00.42,5:08.08,1.1987,big east 2026_full_results.pdf,prelim_fallback,,,
Big Ten,2026,men,bigten_2026,100 Back,44.52,45.54,47.06,0.1693,Mens_2026 Big 10_Friday results_-_all__1_.pdf,finals,,,
Big Ten,2026,men,bigten_2026,100 Breast,50.69,52.13,53.12,0.162,mens 2026_Big 10 _Thursday_Results.pdf,pdf_repaired,pdf_verified,pdf_verified,pdf_verified
Big Ten,2026,men,bigten_2026,100 Fly,43.83,45.04,46.75,0.1947,mens 2026_Big 10 _Thursday_Results.pdf,finals,,,
Big Ten,2026,men,bigten_2026,100 Free,41.81,42.74,43.46,0.11,mens 2026 Big 10 saturday_results_-_all__1_.pdf,finals,,,
Big Ten,2026,men,bigten_2026,1650 Free,14:25.40,14:58.72,15:19.19,3.586,mens 2026 Big 10 saturday_results_-_all__1_.pdf,finals,,,
Big Ten,2026,men,bigten_2026,200 Back,1:39.19,1:41.96,1:42.80,0.2407,mens 2026 Big 10 saturday_results_-_all__1_.pdf,pdf_repaired,pdf_verified,pdf_verified,pdf_verified
Big Ten,2026,men,bigten_2026,200 Breast,1:49.34,1:54.11,1:55.29,0.3967,Mens_2026 Big 10_Friday results_-_all__1_.pdf,finals,,,
Big Ten,2026,men,bigten_2026,200 Fly,1:38.82,1:42.67,1:44.80,0.3987,mens 2026 Big 10 saturday_results_-_all__1_.pdf,finals,,,
Big Ten,2026,men,bigten_2026,200 Free,1:31.32,1:33.66,1:34.42,0.2067,mens 2026_Big 10 _Thursday_Results.pdf,finals,,,
Big Ten,2026,men,bigten_2026,200 IM,1:40.11,1:42.90,1:47.09,0.4653,mens 2026 Big 10 saturday_results_-_all__1_.pdf,finals,,,
Big Ten,2026,men,bigten_2026,400 IM,3:34.90,3:38.70,3:44.40,0.6333,mens 2026_Big 10 _Thursday_Results.pdf,finals,,,
Big Ten,2026,men,bigten_2026,50 Free,18.98,19.27,19.82,0.056,Mens_2026 Big 10_Friday results_-_all__1_.pdf,pdf_repaired,pdf_verified,pdf_verified,pdf_verified
Big Ten,2026,men,bigten_2026,500 Free,4:09.14,4:18.79,4:26.76,1.1747,Mens_2026 Big 10_Friday results_-_all__1_.pdf,finals,,,
Big Ten,2026,women,bigten_2026,100 Back,49.72,51.75,53.86,0.276,2026_women_s_b10_swim_meet_results.pdf,prelim_fallback,,,
Big Ten,2026,women,bigten_2026,100 Breast,57.90,1:00.26,1:01.14,0.216,2026_women_s_b10_swim_meet_results.pdf,prelim_fallback,,,
Big Ten,2026,women,bigten_2026,100 Fly,49.95,52.15,53.80,0.2567,2026_women_s_b10_swim_meet_results.pdf,prelim_fallback,,,
Big Ten,2026,women,bigten_2026,100 Free,46.22,48.28,49.22,0.2,2026_women_s_b10_swim_meet_results.pdf,prelim_fallback,,,
Big Ten,2026,women,bigten_2026,1650 Free,15:45.36,16:12.46,16:41.52,3.744,2026_women_s_b10_swim_meet_results.pdf,prelim_fallback,,,
Big Ten,2026,women,bigten_2026,200 Back,1:48.31,1:55.18,1:57.89,0.6387,2026_women_s_b10_swim_meet_results.pdf,prelim_fallback,,,
Big Ten,2026,women,bigten_2026,200 Breast,2:05.24,2:11.00,2:14.24,0.6,2026_women_s_b10_swim_meet_results.pdf,prelim_fallback,,,
Big Ten,2026,women,bigten_2026,200 Fly,1:50.34,1:59.27,1:59.71,0.6247,2026_women_s_b10_swim_meet_results.pdf,prelim_fallback,,,
Big Ten,2026,women,bigten_2026,200 Free,1:40.84,1:46.16,1:47.37,0.4353,2026_women_s_b10_swim_meet_results.pdf,prelim_fallback,,,
Big Ten,2026,women,bigten_2026,200 IM,1:52.81,1:57.94,1:59.83,0.468,2026_women_s_b10_swim_meet_results.pdf,prelim_fallback,,,
Big Ten,2026,women,bigten_2026,400 IM,4:00.57,4:10.02,4:17.91,1.156,2026_women_s_b10_swim_meet_results.pdf,prelim_fallback,,,
Big Ten,2026,women,bigten_2026,50 Free,21.09,22.15,22.52,0.0953,2026_women_s_b10_swim_meet_results.pdf,prelim_fallback,,,
Big Ten,2026,women,bigten_2026,500 Free,4:34.60,4:43.05,4:48.21,0.9073,2026_women_s_b10_swim_meet_results.pdf,prelim_fallback,,,
Big West,2026,men,bigwest_2026,100 Back,46.16,48.21,49.36,0.2133,2026_big_west_friday_final_results_men.pdf,finals,,,
Big West,2026,men,bigwest_2026,100 Breast,52.69,54.87,55.30,0.174,2026_big_west_friday_final_results_men.pdf,finals,,,
Big West,2026,men,bigwest_2026,100 Fly,45.91,47.66,48.69,0.1853,2026_big_west_friday_final_results_men.pdf,finals,,,
Big West,2026,men,bigwest_2026,100 Free,42.41,44.55,44.88,0.1647,2026_big_west_saturday_final_results.pdf,finals,,,
Big West,2026,men,bigwest_2026,1650 Free,15:17.54,15:45.13,16:46.49,5.93,2026_big_west_saturday_final_results.pdf,finals,,,
Big West,2026,men,bigwest_2026,200 Back,1:43.19,1:46.59,1:51.68,0.566,2026_big_west_saturday_final_results.pdf,finals,,,
Big West,2026,men,bigwest_2026,200 Breast,1:54.56,2:01.07,2:02.13,0.5047,2026_big_west_saturday_final_results.pdf,finals,,,
Big West,2026,men,bigwest_2026,200 Fly,1:42.37,1:49.37,1:51.33,0.5973,2026_big_west_saturday_final_results.pdf,finals,,,
Big West,2026,men,bigwest_2026,200 Free,1:34.77,1:38.09,1:40.44,0.378,2026_big_west_friday_final_results_men.pdf,finals,,,
Big West,2026,men,bigwest_2026,200 IM,1:43.93,1:49.62,1:50.56,0.442,2026_big_west_thursday_final_results_men.pdf,finals,,,
Big West,2026,men,bigwest_2026,400 IM,3:47.09,3:56.94,4:00.34,0.8833,2026_big_west_friday_final_results_men.pdf,finals,,,
Big West,2026,men,bigwest_2026,50 Free,19.13,20.08,20.22,0.0727,2026_big_west_thursday_final_results_men.pdf,finals,,,
Big West,2026,men,bigwest_2026,500 Free,4:20.98,4:27.92,4:34.25,0.8847,2026_big_west_thursday_final_results_men.pdf,finals,,,
Big West,2026,women,bigwest_2026,100 Back,53.81,55.76,57.20,0.226,2026_big_west_friday_final_results_women.pdf,finals,,,
Big West,2026,women,bigwest_2026,100 Breast,58.95,1:02.66,1:06.41,0.4973,2026_big_west_friday_final_results_women.pdf,finals,,,
Big West,2026,women,bigwest_2026,100 Fly,52.79,54.80,56.19,0.2267,2026_big_west_friday_final_results_women.pdf,finals,,,
Big West,2026,women,bigwest_2026,100 Free,48.67,50.56,51.10,0.162,2026_big_west_saturday_final_results.pdf,finals,,,
Big West,2026,women,bigwest_2026,1650 Free,16:36.45,17:16.01,17:44.68,4.5487,2026_big_west_saturday_final_results.pdf,finals,,,
Big West,2026,women,bigwest_2026,200 Back,1:56.37,1:58.97,2:02.87,0.4333,2026_big_west_saturday_final_results.pdf,finals,,,
Big West,2026,women,bigwest_2026,200 Breast,2:12.19,2:19.10,2:23.99,0.7867,2026_big_west_saturday_final_results.pdf,finals,,,
Big West,2026,women,bigwest_2026,200 Fly,1:56.44,2:01.65,2:13.74,1.1533,2026_big_west_saturday_final_results.pdf,finals,,,
Big West,2026,women,bigwest_2026,200 Free,1:45.52,1:51.07,1:52.88,0.4907,2026_big_west_friday_final_results_women.pdf,finals,,,
Big West,2026,women,bigwest_2026,200 IM,1:57.43,2:02.39,2:05.45,0.5347,2026_big_west_thursday_final_results_women.pdf,finals,,,
Big West,2026,women,bigwest_2026,400 IM,4:15.47,4:23.80,4:42.39,1.7947,2026_big_west_friday_final_results_women.pdf,finals,,,
Big West,2026,women,bigwest_2026,50 Free,22.28,23.05,23.50,0.0813,2026_big_west_thursday_final_results_women.pdf,finals,,,
Big West,2026,women,bigwest_2026,500 Free,4:45.65,4:58.50,5:01.35,1.0467,2026_big_west_thursday_final_results_women.pdf,finals,,,
CAA,2026,men,caa_2026,100 Back,46.83,48.19,50.94,0.274,caa 2026 friday results.pdf,finals,,,
CAA,2026,men,caa_2026,100 Breast,52.12,54.07,57.09,0.3313,caa 2026 friday results.pdf,finals,,,
CAA,2026,men,caa_2026,100 Free,42.85,44.82,45.63,0.1853,caa 2026 saturday results.pdf,finals,,,
CAA,2026,men,caa_2026,1650 Free,15:08.00,15:44.63,16:18.62,4.708,caa 2026 saturday results.pdf,finals,,,
CAA,2026,men,caa_2026,200 Back,1:42.00,1:48.07,1:48.97,0.4647,caa 2026 saturday results.pdf,finals,,,
CAA,2026,men,caa_2026,200 Breast,1:52.45,2:00.75,2:04.11,0.7773,caa 2026 saturday results.pdf,finals,,,
CAA,2026,men,caa_2026,200 Fly,1:43.52,1:48.34,1:50.72,-11.1547,caa 2026 saturday results.pdf,finals,,,
CAA,2026,men,caa_2026,200 Free,1:35.03,1:39.77,1:40.72,0.3793,caa 2026 friday results.pdf,finals,,,
CAA,2026,men,caa_2026,200 IM,1:42.09,1:47.95,1:51.22,0.6087,caa 2026 thursday results.pdf,finals,,,
CAA,2026,men,caa_2026,400 IM,3:42.15,3:55.79,4:05.09,1.5293,caa 2026 friday results.pdf,finals,,,
CAA,2026,men,caa_2026,50 Free,19.60,20.07,20.61,0.0673,caa 2026 thursday results.pdf,finals,,,
CAA,2026,men,caa_2026,500 Free,4:21.03,4:27.85,4:31.21,0.6787,caa 2026 thursday results.pdf,finals,,,
CAA,2026,women,caa_2026,100 Back,53.13,55.55,56.89,0.2507,caa 2026 friday results.pdf,finals,,,
CAA,2026,women,caa_2026,100 Breast,1:01.11,1:04.03,1:05.54,0.2953,caa 2026 friday results.pdf,finals,,,
CAA,2026,women,caa_2026,100 Fly,52.06,54.94,56.42,0.2907,caa 2026 friday results.pdf,finals,,,
CAA,2026,women,caa_2026,100 Free,48.88,50.89,51.82,0.196,caa 2026 saturday results.pdf,finals,,,
CAA,2026,women,caa_2026,1650 Free,16:39.96,17:05.67,17:26.35,3.0927,caa 2026 saturday results.pdf,finals,,,
CAA,2026,women,caa_2026,200 Back,1:56.35,2:01.52,2:07.67,0.7547,caa 2026 saturday results.pdf,finals,,,
CAA,2026,women,caa_2026,200 Breast,2:11.97,2:18.86,2:21.88,0.6607,caa 2026 saturday results.pdf,finals,,,
CAA,2026,women,caa_2026,200 Fly,2:00.29,2:06.21,2:10.29,0.6667,caa 2026 saturday results.pdf,finals,,,
CAA,2026,women,caa_2026,200 Free,1:47.47,1:51.70,1:56.56,0.606,caa 2026 friday results.pdf,finals,,,
CAA,2026,women,caa_2026,200 IM,2:00.84,2:05.59,2:06.46,0.3747,caa 2026 thursday results.pdf,finals,,,
CAA,2026,women,caa_2026,400 IM,4:17.58,4:25.56,4:34.49,1.1273,caa 2026 friday results.pdf,finals,,,
CAA,2026,women,caa_2026,50 Free,22.39,23.45,23.66,0.0847,caa 2026 thursday results.pdf,finals,,,
CAA,2026,women,caa_2026,500 Free,4:47.79,4:55.91,4:59.84,0.8033,caa 2026 thursday results.pdf,finals,,,
CCIW,2026,men,cciw_2026,100 Back,51.13,54.05,56.74,0.374,CCIW_2026_Final_Results.pdf,finals,,,
CCIW,2026,men,cciw_2026,100 Breast,55.94,1:00.42,1:03.80,0.524,CCIW_2026_Final_Results.pdf,finals,,,
CCIW,2026,men,cciw_2026,100 Fly,49.43,52.55,57.20,0.518,CCIW_2026_Final_Results.pdf,finals,,,
CCIW,2026,men,cciw_2026,100 Free,45.83,47.45,51.40,0.3713,CCIW_2026_Final_Results.pdf,finals,,,
CCIW,2026,men,cciw_2026,1650 Free,15:53.60,17:47.27,18:37.41,10.9207,CCIW_2026_Final_Results.pdf,finals,,,
CCIW,2026,men,cciw_2026,200 Back,1:51.73,2:04.07,2:15.99,1.6173,CCIW_2026_Final_Results.pdf,finals,,,
CCIW,2026,men,cciw_2026,200 Breast,2:00.45,2:12.85,2:29.38,1.9287,CCIW_2026_Final_Results.pdf,finals,,,
CCIW,2026,men,cciw_2026,200 Free,1:39.33,1:50.05,2:06.33,1.8,CCIW_2026_Final_Results.pdf,finals,,,
CCIW,2026,men,cciw_2026,200 IM,1:50.85,2:00.98,2:12.21,1.424,CCIW_2026_Final_Results.pdf,finals,,,
CCIW,2026,men,cciw_2026,400 IM,4:04.74,4:29.83,4:47.82,2.872,CCIW_2026_Final_Results.pdf,finals,,,
CCIW,2026,men,cciw_2026,50 Free,20.84,21.77,23.08,0.1493,CCIW_2026_Final_Results.pdf,finals,,,
CCIW,2026,men,cciw_2026,500 Free,4:33.46,4:47.45,5:28.86,3.6933,CCIW_2026_Final_Results.pdf,finals,,,
CCIW,2026,women,cciw_2026,100 Back,59.16,1:03.04,1:04.31,0.3433,CCIW_2026_Final_Results.pdf,finals,,,
CCIW,2026,women,cciw_2026,100 Breast,1:05.81,1:11.57,1:40.56,2.3167,CCIW_2026_Final_Results.pdf,finals,,,
CCIW,2026,women,cciw_2026,100 Fly,59.87,1:01.84,1:04.76,0.326,CCIW_2026_Final_Results.pdf,finals,,,
CCIW,2026,women,cciw_2026,100 Free,52.93,55.50,57.92,0.3327,CCIW_2026_Final_Results.pdf,finals,,,
CCIW,2026,women,cciw_2026,1650 Free,17:31.53,18:58.20,20:23.30,11.4513,CCIW_2026_Final_Results.pdf,finals,,,
CCIW,2026,women,cciw_2026,200 Back,2:07.20,2:18.22,2:25.18,1.1987,CCIW_2026_Final_Results.pdf,finals,,,
CCIW,2026,women,cciw_2026,200 Breast,2:25.17,2:35.89,2:52.63,1.8307,CCIW_2026_Final_Results.pdf,finals,,,
CCIW,2026,women,cciw_2026,200 Fly,2:06.71,2:27.00,2:37.46,2.05,CCIW_2026_Final_Results.pdf,finals,,,
CCIW,2026,women,cciw_2026,200 Free,1:55.82,2:01.99,2:07.43,0.774,CCIW_2026_Final_Results.pdf,finals,,,
CCIW,2026,women,cciw_2026,200 IM,2:03.94,2:18.38,2:21.17,1.1487,CCIW_2026_Final_Results.pdf,finals,,,
CCIW,2026,women,cciw_2026,400 IM,4:21.41,4:59.00,5:14.40,3.5327,CCIW_2026_Final_Results.pdf,finals,,,
CCIW,2026,women,cciw_2026,50 Free,24.16,25.24,26.37,0.1473,CCIW_2026_Final_Results.pdf,finals,,,
CCIW,2026,women,cciw_2026,500 Free,5:06.03,5:31.00,5:47.80,2.7847,CCIW_2026_Final_Results.pdf,finals,,,
Colorado College,unknown,men,coloradocollege_unknown,100 Back,47.70,50.28,53.38,0.3787,CC_Champs_Final_Results_2_22_26.pdf,finals,,,
Colorado College,unknown,men,coloradocollege_unknown,100 Breast,55.43,57.20,59.16,0.2487,CC_Champs_Final_Results_2_22_26.pdf,finals,,,
Colorado College,unknown,men,coloradocollege_unknown,100 Fly,46.91,49.51,51.72,0.3207,CC_Champs_Final_Results_2_22_26.pdf,finals,,,
Colorado College,unknown,men,coloradocollege_unknown,100 Free,44.60,46.02,47.03,0.162,CC_Champs_Final_Results_2_22_26.pdf,finals,,,
Colorado College,unknown,men,coloradocollege_unknown,1650 Free,15:40.65,16:23.61,17:19.32,6.578,CC_Champs_Final_Results_2_22_26.pdf,finals,,,
Colorado College,unknown,men,coloradocollege_unknown,200 Back,1:45.89,1:49.80,1:58.91,0.868,CC_Champs_Final_Results_2_22_26.pdf,finals,,,
Colorado College,unknown,men,coloradocollege_unknown,200 Breast,2:01.51,2:08.33,2:14.01,0.8333,CC_Champs_Final_Results_2_22_26.pdf,finals,,,
Colorado College,unknown,men,coloradocollege_unknown,200 Fly,1:46.43,1:53.91,2:00.83,0.96,CC_Champs_Final_Results_2_22_26.pdf,finals,,,
Colorado College,unknown,men,coloradocollege_unknown,200 Free,1:38.55,1:41.90,1:44.29,0.3827,CC_Champs_Final_Results_2_22_26.pdf,finals,,,
Colorado College,unknown,men,coloradocollege_unknown,200 IM,1:49.30,1:54.55,1:56.87,0.5047,CC_Champs_Final_Results_2_22_26.pdf,finals,,,
Colorado College,unknown,men,coloradocollege_unknown,400 IM,3:52.45,4:05.39,4:28.84,2.426,CC_Champs_Final_Results_2_22_26.pdf,finals,,,
Colorado College,unknown,men,coloradocollege_unknown,50 Free,20.03,21.08,21.39,0.0907,CC_Champs_Final_Results_2_22_26.pdf,finals,,,
Colorado College,unknown,men,coloradocollege_unknown,500 Free,4:28.33,4:44.05,4:47.67,1.2893,CC_Champs_Final_Results_2_22_26.pdf,finals,,,
Colorado College,unknown,women,coloradocollege_unknown,100 Back,56.01,58.01,1:01.13,0.3413,CC_Champs_Final_Results_2_22_26.pdf,finals,,,
Colorado College,unknown,women,coloradocollege_unknown,100 Breast,1:03.47,1:06.73,1:09.55,0.4053,CC_Champs_Final_Results_2_22_26.pdf,finals,,,
Colorado College,unknown,women,coloradocollege_unknown,100 Fly,55.37,57.16,59.56,0.2793,CC_Champs_Final_Results_2_22_26.pdf,finals,,,
Colorado College,unknown,women,coloradocollege_unknown,100 Free,50.44,52.27,53.70,0.2173,CC_Champs_Final_Results_2_22_26.pdf,finals,,,
Colorado College,unknown,women,coloradocollege_unknown,1650 Free,17:20.61,18:03.13,20:49.87,13.9507,CC_Champs_Final_Results_2_22_26.pdf,finals,,,
Colorado College,unknown,women,coloradocollege_unknown,200 Back,1:59.63,2:07.36,2:13.83,0.9467,CC_Champs_Final_Results_2_22_26.pdf,finals,,,
Colorado College,unknown,women,coloradocollege_unknown,200 Breast,2:20.88,2:26.11,2:29.99,0.6073,CC_Champs_Final_Results_2_22_26.pdf,finals,,,
Colorado College,unknown,women,coloradocollege_unknown,200 Fly,2:03.97,2:10.99,2:17.23,0.884,CC_Champs_Final_Results_2_22_26.pdf,finals,,,
Colorado College,unknown,women,coloradocollege_unknown,200 Free,1:51.58,1:54.30,1:59.34,0.5173,CC_Champs_Final_Results_2_22_26.pdf,finals,,,
Colorado College,unknown,women,coloradocollege_unknown,200 IM,2:02.43,2:08.57,2:12.24,0.654,CC_Champs_Final_Results_2_22_26.pdf,finals,,,
Colorado College,unknown,women,coloradocollege_unknown,400 IM,4:20.71,4:36.04,4:53.13,2.1613,CC_Champs_Final_Results_2_22_26.pdf,finals,,,
Colorado College,unknown,women,coloradocollege_unknown,50 Free,22.69,23.94,24.45,0.1173,CC_Champs_Final_Results_2_22_26.pdf,finals,,,
Colorado College,unknown,women,coloradocollege_unknown,500 Free,4:58.72,5:10.15,5:20.37,1.4433,CC_Champs_Final_Results_2_22_26.pdf,finals,,,
GLIAC,2026,men,gliac_2026,100 Back,47.00,48.86,1:02.33,1.022,GLIAC_2026_Final_Results.pdf,finals,,,
GLIAC,2026,men,gliac_2026,100 Breast,53.51,55.84,56.61,0.2067,GLIAC_2026_Final_Results.pdf,finals,,,
GLIAC,2026,men,gliac_2026,100 Fly,47.23,48.98,49.40,0.1447,GLIAC_2026_Final_Results.pdf,finals,,,
GLIAC,2026,men,gliac_2026,100 Free,43.19,44.80,47.23,0.2693,GLIAC_2026_Final_Results.pdf,finals,,,
GLIAC,2026,men,gliac_2026,1000 Free,9:10.20,9:22.34,9:38.19,1.866,GLIAC_2026_Final_Results.pdf,finals,,,
GLIAC,2026,men,gliac_2026,1650 Free,15:18.27,15:49.91,16:25.97,4.5133,GLIAC_2026_Final_Results.pdf,finals,,,
GLIAC,2026,men,gliac_2026,200 Back,1:45.65,1:49.53,1:52.73,0.472,GLIAC_2026_Final_Results.pdf,finals,,,
GLIAC,2026,men,gliac_2026,200 Breast,1:58.11,2:03.60,2:05.75,0.5093,GLIAC_2026_Final_Results.pdf,finals,,,
GLIAC,2026,men,gliac_2026,200 Fly,1:44.63,1:51.94,1:53.42,0.586,GLIAC_2026_Final_Results.pdf,finals,,,
GLIAC,2026,men,gliac_2026,200 Free,1:36.82,1:39.22,1:43.73,0.4607,GLIAC_2026_Final_Results.pdf,finals,,,
GLIAC,2026,men,gliac_2026,200 IM,1:45.74,1:48.28,1:52.09,0.4233,GLIAC_2026_Final_Results.pdf,finals,,,
GLIAC,2026,men,gliac_2026,400 IM,3:47.46,4:00.88,4:07.26,1.32,GLIAC_2026_Final_Results.pdf,finals,,,
GLIAC,2026,men,gliac_2026,50 Free,19.60,20.14,20.53,0.062,GLIAC_2026_Final_Results.pdf,finals,,,
GLIAC,2026,men,gliac_2026,500 Free,4:23.43,4:31.77,4:55.93,2.1667,GLIAC_2026_Final_Results.pdf,finals,,,
GLIAC,2026,women,gliac_2026,100 Back,55.01,57.66,1:00.71,0.38,GLIAC_2026_Final_Results.pdf,finals,,,
GLIAC,2026,women,gliac_2026,100 Breast,1:02.38,1:04.47,1:07.45,0.338,GLIAC_2026_Final_Results.pdf,finals,,,
GLIAC,2026,women,gliac_2026,100 Fly,55.70,57.50,1:00.18,0.2987,GLIAC_2026_Final_Results.pdf,finals,,,
GLIAC,2026,women,gliac_2026,100 Free,49.72,52.80,53.84,0.2747,GLIAC_2026_Final_Results.pdf,finals,,,
GLIAC,2026,women,gliac_2026,1000 Free,10:00.31,10:28.02,10:51.44,3.4087,GLIAC_2026_Final_Results.pdf,finals,,,
GLIAC,2026,women,gliac_2026,1650 Free,17:01.11,17:43.36,18:41.84,6.7153,GLIAC_2026_Final_Results.pdf,finals,,,
GLIAC,2026,women,gliac_2026,200 Back,1:58.40,2:06.34,2:13.61,1.014,GLIAC_2026_Final_Results.pdf,finals,,,
GLIAC,2026,women,gliac_2026,200 Breast,2:13.91,2:24.04,2:30.32,1.094,GLIAC_2026_Final_Results.pdf,finals,,,
GLIAC,2026,women,gliac_2026,200 Fly,2:04.22,2:09.75,2:21.91,1.1793,GLIAC_2026_Final_Results.pdf,finals,,,
GLIAC,2026,women,gliac_2026,200 Free,1:47.37,1:53.71,1:57.05,0.6453,GLIAC_2026_Final_Results.pdf,finals,,,
GLIAC,2026,women,gliac_2026,200 IM,2:03.16,2:09.15,2:11.62,0.564,GLIAC_2026_Final_Results.pdf,finals,,,
GLIAC,2026,women,gliac_2026,400 IM,4:17.12,4:31.26,4:39.28,1.4773,GLIAC_2026_Final_Results.pdf,finals,,,
GLIAC,2026,women,gliac_2026,50 Free,22.72,23.90,24.61,0.126,GLIAC_2026_Final_Results.pdf,finals,,,
GLIAC,2026,women,gliac_2026,500 Free,4:50.70,5:10.01,5:17.48,1.7853,GLIAC_2026_Final_Results.pdf,finals,,,
Horizon League,2026,men,horizonleague_2026,100 Back,45.81,49.53,50.90,-16.23,full_meet_results_horizon_league_2026.pdf,finals,,,
Horizon League,2026,men,horizonleague_2026,100 Breast,52.20,54.07,56.62,0.2947,full_meet_results_horizon_league_2026.pdf,finals,,,
Horizon League,2026,men,horizonleague_2026,100 Fly,45.23,47.31,49.64,0.294,full_meet_results_horizon_league_2026.pdf,finals,,,
Horizon League,2026,men,horizonleague_2026,100 Free,42.28,44.42,45.42,0.2093,full_meet_results_horizon_league_2026.pdf,finals,,,
Horizon League,2026,men,horizonleague_2026,1650 Free,15:16.32,15:41.15,16:11.42,3.6733,full_meet_results_horizon_league_2026.pdf,finals,,,
Horizon League,2026,men,horizonleague_2026,200 Back,1:42.42,1:47.96,1:51.10,0.5787,full_meet_results_horizon_league_2026.pdf,finals,,,
Horizon League,2026,men,horizonleague_2026,200 Breast,1:52.21,2:01.34,2:05.44,0.882,full_meet_results_horizon_league_2026.pdf,finals,,,
Horizon League,2026,men,horizonleague_2026,200 Fly,1:44.19,1:50.19,1:52.21,0.5347,full_meet_results_horizon_league_2026.pdf,finals,,,
Horizon League,2026,men,horizonleague_2026,200 Free,1:34.12,1:38.27,1:39.85,0.382,full_meet_results_horizon_league_2026.pdf,finals,,,
Horizon League,2026,men,horizonleague_2026,200 IM,1:44.68,1:49.54,1:52.79,0.5407,full_meet_results_horizon_league_2026.pdf,finals,,,
Horizon League,2026,men,horizonleague_2026,400 IM,3:48.10,4:01.78,4:07.66,1.304,full_meet_results_horizon_league_2026.pdf,finals,,,
Horizon League,2026,men,horizonleague_2026,50 Free,18.91,20.04,20.64,0.1153,full_meet_results_horizon_league_2026.pdf,finals,,,
Horizon League,2026,men,horizonleague_2026,500 Free,4:20.78,4:26.08,4:41.04,1.3507,full_meet_results_horizon_league_2026.pdf,finals,,,
Horizon League,2026,women,horizonleague_2026,100 Back,53.89,56.66,57.73,0.256,full_meet_results_horizon_league_2026.pdf,finals,,,
Horizon League,2026,women,horizonleague_2026,100 Breast,1:01.68,1:05.04,1:06.94,0.3507,full_meet_results_horizon_league_2026.pdf,finals,,,
Horizon League,2026,women,horizonleague_2026,100 Fly,54.88,56.93,58.84,0.264,full_meet_results_horizon_league_2026.pdf,finals,,,
Horizon League,2026,women,horizonleague_2026,100 Free,49.98,51.51,53.62,0.2427,full_meet_results_horizon_league_2026.pdf,finals,,,
Horizon League,2026,women,horizonleague_2026,1650 Free,16:46.26,17:23.22,18:05.39,5.2753,full_meet_results_horizon_league_2026.pdf,finals,,,
Horizon League,2026,women,horizonleague_2026,200 Back,1:55.88,2:03.92,2:07.24,0.7573,full_meet_results_horizon_league_2026.pdf,finals,,,
Horizon League,2026,women,horizonleague_2026,200 Breast,2:17.61,2:23.14,2:28.48,0.7247,full_meet_results_horizon_league_2026.pdf,finals,,,
Horizon League,2026,women,horizonleague_2026,200 Fly,2:01.71,2:09.08,2:13.59,0.792,full_meet_results_horizon_league_2026.pdf,finals,,,
Horizon League,2026,women,horizonleague_2026,200 Free,1:48.65,1:53.46,1:56.61,0.5307,full_meet_results_horizon_league_2026.pdf,finals,,,
Horizon League,2026,women,horizonleague_2026,200 IM,2:01.68,2:08.64,2:10.31,0.5753,full_meet_results_horizon_league_2026.pdf,finals,,,
Horizon League,2026,women,horizonleague_2026,400 IM,4:22.11,4:28.96,4:39.23,1.1413,full_meet_results_horizon_league_2026.pdf,finals,,,
Horizon League,2026,women,horizonleague_2026,50 Free,22.74,23.67,24.20,0.0973,full_meet_results_horizon_league_2026.pdf,finals,,,
Horizon League,2026,women,horizonleague_2026,500 Free,4:49.29,5:03.31,5:06.12,1.122,full_meet_results_horizon_league_2026.pdf,finals,,,
Ivy League,2026,men,ivyleague_2026,100 Back,45.77,47.04,47.88,0.1407,2026 Ivy Mens Conf.pdf,pdf_repaired,pdf_verified,pdf_verified,pdf_verified
Ivy League,2026,men,ivyleague_2026,100 Breast,51.18,53.22,54.67,0.2327,2026 Ivy Mens Conf.pdf,pdf_repaired,pdf_verified,pdf_verified,pdf_verified
Ivy League,2026,men,ivyleague_2026,100 Fly,44.34,47.00,47.39,0.2033,2026 Ivy Mens Conf.pdf,pdf_repaired,pdf_verified,pdf_verified,pdf_verified
Ivy League,2026,men,ivyleague_2026,100 Free,41.36,43.17,43.67,0.154,2026 Ivy Mens Conf.pdf,pdf_repaired,pdf_verified,pdf_verified,pdf_verified
Ivy League,2026,men,ivyleague_2026,1000 Free,8:38.01,8:56.51,9:11.77,2.2507,2026 Ivy Mens Conf.pdf,prelim_fallback,,,
Ivy League,2026,men,ivyleague_2026,1650 Free,14:26.79,15:04.57,15:28.24,4.0967,2026 Ivy Mens Conf.pdf,prelim_fallback,,,
Ivy League,2026,men,ivyleague_2026,200 Back,1:39.60,1:44.82,1:45.36,0.384,2026 Ivy Mens Conf.pdf,pdf_repaired,pdf_verified,pdf_verified,pdf_verified
Ivy League,2026,men,ivyleague_2026,200 Breast,1:52.03,1:57.82,1:58.62,0.4393,2026 Ivy Mens Conf.pdf,pdf_repaired,pdf_verified,pdf_verified,pdf_verified
Ivy League,2026,men,ivyleague_2026,200 Fly,1:39.05,1:41.64,1:45.53,0.432,2026 Ivy Mens Conf.pdf,pdf_repaired,pdf_verified,pdf_verified,pdf_verified
Ivy League,2026,men,ivyleague_2026,200 Free,1:31.52,1:35.64,1:36.72,0.3467,2026 Ivy Mens Conf.pdf,pdf_repaired,pdf_verified,pdf_verified,pdf_verified
Ivy League,2026,men,ivyleague_2026,200 IM,1:40.93,1:44.79,1:46.63,0.38,2026 Ivy Mens Conf.pdf,pdf_repaired,pdf_verified,pdf_verified,pdf_verified
Ivy League,2026,men,ivyleague_2026,400 IM,3:41.89,3:49.87,3:53.16,0.7513,2026 Ivy Mens Conf.pdf,pdf_repaired,pdf_verified,pdf_verified,pdf_verified
Ivy League,2026,men,ivyleague_2026,50 Free,18.82,19.62,19.88,0.0707,2026 Ivy Mens Conf.pdf,pdf_repaired,pdf_verified,pdf_verified,pdf_verified
Ivy League,2026,men,ivyleague_2026,500 Free,4:10.19,4:20.28,4:22.00,0.7873,2026 Ivy Mens Conf.pdf,pdf_repaired,pdf_verified,pdf_verified,pdf_verified
Ivy League,2026,women,ivyleague_2026,100 Back,51.31,54.79,55.05,0.2493,2026 Ivy Womens Conf.pdf,pdf_repaired,pdf_verified,pdf_verified,pdf_verified
Ivy League,2026,women,ivyleague_2026,100 Breast,1:00.55,1:02.37,1:03.23,0.1787,2026 Ivy Womens Conf.pdf,pdf_repaired,pdf_verified,pdf_verified,pdf_verified
Ivy League,2026,women,ivyleague_2026,100 Fly,51.97,53.94,54.65,0.1787,2026 Ivy Womens Conf.pdf,pdf_repaired,pdf_verified,pdf_verified,pdf_verified
Ivy League,2026,women,ivyleague_2026,100 Free,48.29,49.54,50.39,0.14,2026 Ivy Womens Conf.pdf,pdf_repaired,pdf_verified,pdf_verified,pdf_verified
Ivy League,2026,women,ivyleague_2026,1650 Free,16:02.63,16:28.86,16:55.80,3.5447,2026 Ivy Womens Conf.pdf,pdf_repaired,pdf_verified,pdf_verified,pdf_verified
Ivy League,2026,women,ivyleague_2026,200 Fly,1:54.78,1:57.84,2:02.42,0.5093,2026 Ivy Womens Conf.pdf,pdf_repaired,pdf_verified,pdf_verified,pdf_verified
Ivy League,2026,women,ivyleague_2026,200 Free,1:44.20,1:48.03,1:50.13,0.3953,2026 Ivy Womens Conf.pdf,pdf_repaired,pdf_verified,pdf_verified,pdf_verified
Ivy League,2026,women,ivyleague_2026,50 Free,22.07,22.43,22.98,0.0607,2026 Ivy Womens Conf.pdf,pdf_repaired,pdf_verified,pdf_verified,pdf_verified
Landmark,2026,men,landmark_2026,100 Back,48.83,54.97,58.53,0.6467,landmark_champs_2026_final_full_results.pdf,finals,,,
Landmark,2026,men,landmark_2026,100 Breast,55.30,1:00.07,1:04.62,0.6213,landmark_champs_2026_final_full_results.pdf,finals,,,
Landmark,2026,men,landmark_2026,100 Fly,48.14,53.03,55.71,0.5047,landmark_champs_2026_final_full_results.pdf,finals,,,
Landmark,2026,men,landmark_2026,100 Free,44.99,48.03,50.32,0.3553,landmark_champs_2026_final_full_results.pdf,finals,,,
Landmark,2026,men,landmark_2026,1650 Free,16:20.37,17:03.15,18:31.84,8.7647,landmark_champs_2026_final_full_results.pdf,finals,,,
Landmark,2026,men,landmark_2026,200 Back,1:50.27,1:59.42,2:07.92,1.1767,landmark_champs_2026_final_full_results.pdf,finals,,,
Landmark,2026,men,landmark_2026,200 Breast,2:06.68,2:15.55,2:24.09,1.1607,landmark_champs_2026_final_full_results.pdf,finals,,,
Landmark,2026,men,landmark_2026,200 Fly,1:51.19,2:02.74,2:12.52,1.422,landmark_champs_2026_final_full_results.pdf,finals,,,
Landmark,2026,men,landmark_2026,200 Free,1:42.56,1:46.24,1:52.65,0.6727,landmark_champs_2026_final_full_results.pdf,finals,,,
Landmark,2026,men,landmark_2026,200 IM,1:52.87,1:58.76,2:04.03,0.744,landmark_champs_2026_final_full_results.pdf,finals,,,
Landmark,2026,men,landmark_2026,400 IM,4:00.30,4:19.65,4:38.95,2.5767,landmark_champs_2026_final_full_results.pdf,finals,,,
Landmark,2026,men,landmark_2026,50 Free,20.72,21.55,22.04,0.088,landmark_champs_2026_final_full_results.pdf,finals,,,
Landmark,2026,men,landmark_2026,500 Free,4:40.64,4:50.01,5:04.56,1.5947,landmark_champs_2026_final_full_results.pdf,finals,,,
Landmark,2026,women,landmark_2026,100 Back,57.50,1:02.20,1:06.24,0.5827,landmark_champs_2026_final_full_results.pdf,finals,,,
Landmark,2026,women,landmark_2026,100 Breast,1:04.98,1:10.85,1:15.08,0.6733,landmark_champs_2026_final_full_results.pdf,finals,,,
Landmark,2026,women,landmark_2026,100 Fly,57.08,1:01.42,1:07.02,0.6627,landmark_champs_2026_final_full_results.pdf,finals,,,
Landmark,2026,women,landmark_2026,100 Free,53.32,55.38,1:02.51,0.6127,landmark_champs_2026_final_full_results.pdf,finals,,,
Landmark,2026,women,landmark_2026,1650 Free,17:51.98,18:39.34,20:51.55,11.9713,landmark_champs_2026_final_full_results.pdf,finals,,,
Landmark,2026,women,landmark_2026,200 Back,2:05.36,2:16.84,2:42.86,2.5,landmark_champs_2026_final_full_results.pdf,finals,,,
Landmark,2026,women,landmark_2026,200 Breast,2:21.35,2:37.03,2:42.91,1.4373,landmark_champs_2026_final_full_results.pdf,finals,,,
Landmark,2026,women,landmark_2026,200 Fly,2:08.49,2:24.06,2:56.37,3.192,landmark_champs_2026_final_full_results.pdf,finals,,,
Landmark,2026,women,landmark_2026,200 Free,1:55.94,2:01.12,2:05.91,0.6647,landmark_champs_2026_final_full_results.pdf,finals,,,
Landmark,2026,women,landmark_2026,200 IM,2:08.53,2:19.75,2:25.14,1.1073,landmark_champs_2026_final_full_results.pdf,finals,,,
Landmark,2026,women,landmark_2026,400 IM,4:37.35,4:54.28,5:08.35,2.0667,landmark_champs_2026_final_full_results.pdf,finals,,,
Landmark,2026,women,landmark_2026,50 Free,24.36,25.33,25.95,0.106,landmark_champs_2026_final_full_results.pdf,finals,,,
Landmark,2026,women,landmark_2026,500 Free,5:11.50,5:27.13,5:33.78,1.4853,landmark_champs_2026_final_full_results.pdf,finals,,,
Liberty League,2026,men,unknown_2026,100 Back,49.83,52.59,58.22,0.5593,NEC 2026 Complete_Results.pdf,finals,,,
Liberty League,2026,men,unknown_2026,1650 Free,15:35.80,16:43.33,17:09.13,6.222,NEC 2026 Complete_Results.pdf,finals,,,
Liberty League,2026,men,unknown_2026,200 Back,1:47.10,1:56.82,2:03.23,1.0753,NEC 2026 Complete_Results.pdf,finals,,,
Liberty League,2026,men,unknown_2026,200 Breast,1:57.34,2:05.00,2:19.26,1.4613,NEC 2026 Complete_Results.pdf,finals,,,
Liberty League,2026,men,unknown_2026,200 Fly,1:48.50,1:56.66,2:06.55,1.2033,NEC 2026 Complete_Results.pdf,finals,,,
Liberty League,2026,men,unknown_2026,200 Free,1:37.87,1:41.26,1:47.50,0.642,NEC 2026 Complete_Results.pdf,finals,,,
Liberty League,2026,men,unknown_2026,200 IM,1:48.75,1:52.45,1:59.54,0.7193,NEC 2026 Complete_Results.pdf,finals,,,
Liberty League,2026,men,unknown_2026,400 IM,3:58.02,4:23.78,4:39.36,2.756,NEC 2026 Complete_Results.pdf,finals,,,
Liberty League,2026,men,unknown_2026,50 Free,20.17,21.31,21.58,0.094,NEC 2026 Complete_Results.pdf,finals,,,
Liberty League,2026,men,unknown_2026,500 Free,4:28.26,4:46.39,5:09.40,2.7427,NEC 2026 Complete_Results.pdf,finals,,,
Liberty League,2026,women,unknown_2026,200 Back,1:59.14,2:06.68,2:08.39,0.6167,NEC 2026 Complete_Results.pdf,finals,,,
Liberty League,2026,women,unknown_2026,200 Free,1:49.64,1:57.29,1:57.32,0.512,NEC 2026 Complete_Results.pdf,finals,,,
MAAC,2026,men,maac_2026,100 Back,47.51,49.56,51.26,0.25,2026_MAAC_S_D_Championships_Day_3_finals_results.pdf,finals,,,
MAAC,2026,men,maac_2026,100 Breast,53.87,55.64,57.08,0.214,2026_MAAC_S_D_Championships_Day_3_finals_results.pdf,finals,,,
MAAC,2026,men,maac_2026,100 Fly,48.01,49.58,50.30,0.1527,2026_MAAC_S_D_Championships_Day_3_finals_results.pdf,finals,,,
MAAC,2026,men,maac_2026,100 Free,44.13,45.40,45.84,0.114,2026_MAAC_S_D_Championships_Day_4_finals_results (1).pdf,finals,,,
MAAC,2026,men,maac_2026,1650 Free,15:39.33,16:09.57,16:22.10,2.8513,2026_MAAC_S_D_Championships_Day_4_finals_results (1).pdf,finals,,,
MAAC,2026,men,maac_2026,200 Back,1:43.74,1:48.80,1:53.45,0.6473,2026_MAAC_S_D_Championships_Day_4_finals_results (1).pdf,finals,,,
MAAC,2026,men,maac_2026,200 Breast,1:57.31,2:02.12,2:05.21,0.5267,2026_MAAC_S_D_Championships_Day_4_finals_results (1).pdf,finals,,,
MAAC,2026,men,maac_2026,200 Fly,1:49.87,1:51.28,1:53.40,0.2353,2026_MAAC_S_D_Championships_Day_4_finals_results (1).pdf,finals,,,
MAAC,2026,men,maac_2026,200 Free,1:37.15,1:40.83,1:42.26,0.3407,2026_MAAC_S_D_Championships_Day_3_finals_results.pdf,finals,,,
MAAC,2026,men,maac_2026,200 IM,1:47.73,1:50.39,1:52.36,0.3087,2026_MAAC_S_D_Championships_Day_2_finals_results.pdf,finals,,,
MAAC,2026,men,maac_2026,400 IM,3:51.32,4:01.48,4:05.62,0.9533,2026_MAAC_S_D_Championships_Day_3_finals_results.pdf,finals,,,
MAAC,2026,men,maac_2026,50 Free,20.02,20.60,20.87,0.0567,2026_MAAC_S_D_Championships_Day_2_finals_results.pdf,finals,,,
MAAC,2026,men,maac_2026,500 Free,4:26.17,4:33.75,4:42.93,1.1173,2026_MAAC_S_D_Championships_Day_2_finals_results.pdf,finals,,,
MAAC,2026,women,maac_2026,100 Back,55.41,56.82,1:01.29,0.392,2026_MAAC_S_D_Championships_Day_3_finals_results.pdf,finals,,,
MAAC,2026,women,maac_2026,100 Breast,1:00.32,1:05.15,1:07.64,0.488,2026_MAAC_S_D_Championships_Day_3_finals_results.pdf,finals,,,
MAAC,2026,women,maac_2026,100 Fly,55.17,56.63,58.38,0.214,2026_MAAC_S_D_Championships_Day_3_finals_results.pdf,finals,,,
MAAC,2026,women,maac_2026,1650 Free,16:53.77,17:31.81,17:54.84,4.0713,2026_MAAC_S_D_Championships_Day_4_finals_results (1).pdf,finals,,,
MAAC,2026,women,maac_2026,200 Back,1:57.38,2:06.36,2:06.63,0.6167,2026_MAAC_S_D_Championships_Day_4_finals_results (1).pdf,finals,,,
MAAC,2026,women,maac_2026,200 Breast,2:13.98,2:22.73,2:28.10,0.9413,2026_MAAC_S_D_Championships_Day_4_finals_results (1).pdf,finals,,,
MAAC,2026,women,maac_2026,200 Fly,2:02.03,2:08.98,2:11.72,0.646,2026_MAAC_S_D_Championships_Day_4_finals_results (1).pdf,finals,,,
MAAC,2026,women,maac_2026,200 Free,1:48.33,1:53.57,1:55.52,0.4793,2026_MAAC_S_D_Championships_Day_3_finals_results.pdf,finals,,,
MAAC,2026,women,maac_2026,200 IM,2:00.99,2:03.53,2:07.34,0.4233,2026_MAAC_S_D_Championships_Day_2_finals_results.pdf,finals,,,
MAAC,2026,women,maac_2026,400 IM,4:25.46,4:31.06,4:39.79,0.9553,2026_MAAC_S_D_Championships_Day_3_finals_results.pdf,finals,,,
MAAC,2026,women,maac_2026,50 Free,23.27,23.85,24.23,0.064,2026_MAAC_S_D_Championships_Day_2_finals_results.pdf,finals,,,
MAAC,2026,women,maac_2026,500 Free,4:49.75,5:02.81,5:10.24,1.366,2026_MAAC_S_D_Championships_Day_2_finals_results.pdf,finals,,,
MAC,2026,men,mac_2026,100 Back,50.78,54.56,59.46,0.5787,2026 MAC MENS full_meet_results.pdf,prelim_fallback,,,
MAC,2026,men,mac_2026,100 Breast,56.21,1:01.25,1:03.56,0.49,2026 MAC MENS full_meet_results.pdf,prelim_fallback,,,
MAC,2026,men,mac_2026,100 Fly,48.70,53.92,56.67,0.5313,2026 MAC MENS full_meet_results.pdf,prelim_fallback,,,
MAC,2026,men,mac_2026,100 Free,45.84,48.97,50.38,0.3027,2026 MAC MENS full_meet_results.pdf,prelim_fallback,,,
MAC,2026,men,mac_2026,1650 Free,16:26.73,17:18.10,17:50.27,5.5693,2026 MAC MENS full_meet_results.pdf,prelim_fallback,,,
MAC,2026,men,mac_2026,200 Back,1:51.28,2:00.49,2:08.02,1.116,2026 MAC MENS full_meet_results.pdf,prelim_fallback,,,
MAC,2026,men,mac_2026,200 Breast,2:06.82,2:15.39,2:24.64,1.188,2026 MAC MENS full_meet_results.pdf,prelim_fallback,,,
MAC,2026,men,mac_2026,200 Fly,1:56.03,2:06.00,2:14.34,1.2207,2026 MAC MENS full_meet_results.pdf,prelim_fallback,,,
MAC,2026,men,mac_2026,200 Free,1:42.58,1:47.48,1:55.60,0.868,2026 MAC MENS full_meet_results.pdf,prelim_fallback,,,
MAC,2026,men,mac_2026,200 IM,1:53.79,2:02.16,2:10.74,1.13,2026 MAC MENS full_meet_results.pdf,prelim_fallback,,,
MAC,2026,men,mac_2026,400 IM,4:08.48,4:28.40,4:35.30,1.788,2026 MAC MENS full_meet_results.pdf,prelim_fallback,,,
MAC,2026,men,mac_2026,50 Free,20.49,21.82,22.65,0.144,2026 MAC MENS full_meet_results.pdf,prelim_fallback,,,
MAC,2026,men,mac_2026,500 Free,4:41.44,4:54.06,5:01.59,1.3433,2026 MAC MENS full_meet_results.pdf,prelim_fallback,,,
MAC,2026,women,mac_2026,100 Back,1:28.35,1:33.26,3:51.20,9.5233,2026 MAC WOMENS Complete_Results.pdf,prelim_fallback,,,
MAC,2026,women,mac_2026,100 Breast,59.59,1:02.64,1:02.69,0.2067,2026 MAC WOMENS Complete_Results.pdf,prelim_fallback,,,
MAC,2026,women,mac_2026,100 Fly,51.35,55.09,56.26,0.3273,2026 MAC WOMENS Complete_Results.pdf,prelim_fallback,,,
MAC,2026,women,mac_2026,100 Free,47.59,48.92,50.91,0.2213,2026 MAC WOMENS Complete_Results.pdf,prelim_fallback,,,
MAC,2026,women,mac_2026,1650 Free,16:39.00,17:02.74,17:14.43,2.362,2026 MAC WOMENS Complete_Results.pdf,prelim_fallback,,,
MAC,2026,women,mac_2026,200 Back,1:54.28,1:58.07,2:00.11,0.3887,2026 MAC WOMENS Complete_Results.pdf,prelim_fallback,,,
MAC,2026,women,mac_2026,200 Breast,2:09.33,2:15.54,2:19.00,0.6447,2026 MAC WOMENS Complete_Results.pdf,prelim_fallback,,,
MAC,2026,women,mac_2026,200 Fly,1:59.07,2:01.77,2:03.79,0.3147,2026 MAC WOMENS Complete_Results.pdf,prelim_fallback,,,
MAC,2026,women,mac_2026,200 Free,1:44.82,1:50.26,1:50.80,0.3987,2026 MAC WOMENS Complete_Results.pdf,prelim_fallback,,,
MAC,2026,women,mac_2026,200 IM,1:57.52,2:02.90,2:03.30,0.3853,2026 MAC WOMENS Complete_Results.pdf,prelim_fallback,,,
MAC,2026,women,mac_2026,400 IM,4:16.83,4:22.09,4:29.52,0.846,2026 MAC WOMENS Complete_Results.pdf,prelim_fallback,,,
MAC,2026,women,mac_2026,50 Free,21.88,23.07,23.31,0.0953,2026 MAC WOMENS Complete_Results.pdf,prelim_fallback,,,
MAC,2026,women,mac_2026,500 Free,4:47.76,4:58.44,4:58.63,0.7247,2026 MAC WOMENS Complete_Results.pdf,prelim_fallback,,,
MIAC,2026,men,miac_2026,100 Back,50.03,54.19,58.16,0.542,2026_miac-sd-results_Final.pdf,finals,,,
MIAC,2026,men,miac_2026,100 Breast,53.76,59.05,1:03.82,0.6707,2026_miac-sd-results_Final.pdf,finals,,,
MIAC,2026,men,miac_2026,100 Fly,49.66,51.15,53.59,0.262,2026_miac-sd-results_Final.pdf,finals,,,
MIAC,2026,men,miac_2026,100 Free,45.26,47.52,48.81,0.2367,2026_miac-sd-results_Final.pdf,finals,,,
MIAC,2026,men,miac_2026,1650 Free,15:55.41,16:53.07,18:15.34,10.28374999999998,2026_miac-sd-results_Final.pdf,replaced_extreme_outlier_current,legacy_backfill_from_d3_conference_swim_master,legacy_backfill_from_d3_conference_swim_master,legacy_backfill_from_d3_conference_swim_master
MIAC,2026,men,miac_2026,200 Back,1:51.51,2:02.27,2:07.96,1.0967,2026_miac-sd-results_Final.pdf,finals,,,
MIAC,2026,men,miac_2026,200 Breast,2:04.28,2:12.02,2:19.46,1.012,2026_miac-sd-results_Final.pdf,finals,,,
MIAC,2026,men,miac_2026,200 Fly,1:51.56,1:57.88,2:19.98,1.8947,2026_miac-sd-results_Final.pdf,finals,,,
MIAC,2026,men,miac_2026,200 Free,1:42.01,1:46.78,1:53.02,0.734,2026_miac-sd-results_Final.pdf,finals,,,
MIAC,2026,men,miac_2026,200 IM,1:52.80,2:00.30,2:04.27,0.7647,2026_miac-sd-results_Final.pdf,finals,,,
MIAC,2026,men,miac_2026,400 IM,3:57.55,4:20.03,4:44.28,3.1153,2026_miac-sd-results_Final.pdf,finals,,,
MIAC,2026,men,miac_2026,50 Free,20.70,21.31,21.80,0.0733,2026_miac-sd-results_Final.pdf,finals,,,
MIAC,2026,men,miac_2026,500 Free,4:29.70,4:48.44,4:57.05,1.8233,2026_miac-sd-results_Final.pdf,finals,,,
MIAC,2026,women,miac_2026,100 Back,56.59,59.40,1:02.29,0.38,2026_miac-sd-results_Final.pdf,finals,,,
MIAC,2026,women,miac_2026,100 Breast,1:04.66,1:08.76,1:10.96,0.42,2026_miac-sd-results_Final.pdf,finals,,,
MIAC,2026,women,miac_2026,100 Fly,54.10,1:00.16,1:02.59,0.566,2026_miac-sd-results_Final.pdf,finals,,,
MIAC,2026,women,miac_2026,100 Free,50.99,54.05,55.52,0.302,2026_miac-sd-results_Final.pdf,finals,,,
MIAC,2026,women,miac_2026,1650 Free,17:37.69,18:33.12,19:16.75,6.604,2026_miac-sd-results_Final.pdf,finals,,,
MIAC,2026,women,miac_2026,200 Back,2:03.47,2:10.02,2:16.46,0.866,2026_miac-sd-results_Final.pdf,finals,,,
MIAC,2026,women,miac_2026,200 Breast,2:20.99,2:31.05,2:36.64,1.0433,2026_miac-sd-results_Final.pdf,finals,,,
MIAC,2026,women,miac_2026,200 Fly,2:08.63,2:20.15,2:31.71,1.5387,2026_miac-sd-results_Final.pdf,finals,,,
MIAC,2026,women,miac_2026,200 Free,1:54.24,1:57.63,2:00.10,0.3907,2026_miac-sd-results_Final.pdf,finals,,,
MIAC,2026,women,miac_2026,200 IM,2:09.00,2:15.42,2:19.09,0.6727,2026_miac-sd-results_Final.pdf,finals,,,
MIAC,2026,women,miac_2026,400 IM,4:35.14,4:50.02,5:03.02,1.8587,2026_miac-sd-results_Final.pdf,finals,,,
MIAC,2026,women,miac_2026,50 Free,23.18,24.43,24.85,0.1113,2026_miac-sd-results_Final.pdf,finals,,,
MIAC,2026,women,miac_2026,500 Free,5:06.82,5:20.69,5:24.60,1.1853,2026_miac-sd-results_Final.pdf,finals,,,
MPSF,2026,men,mpsf_2026,100 Back,46.32,49.29,49.85,0.2353,MPSF 2026 RESULTS.pdf,pdf_repaired,pdf_verified,pdf_verified,pdf_verified
MPSF,2026,men,mpsf_2026,100 Breast,52.19,54.50,55.39,0.2133,MPSF 2026 RESULTS.pdf,finals,,,
MPSF,2026,men,mpsf_2026,100 Fly,46.06,47.75,48.82,0.184,MPSF 2026 RESULTS.pdf,pdf_repaired,pdf_verified,pdf_verified,pdf_verified
MPSF,2026,men,mpsf_2026,100 Free,43.01,44.06,45.03,0.1347,MPSF 2026 RESULTS.pdf,pdf_repaired,pdf_verified,pdf_verified,pdf_verified
MPSF,2026,men,mpsf_2026,1650 Free,14:48.77,15:36.93,16:10.28,5.434,MPSF 2026 RESULTS.pdf,pdf_repaired,pdf_verified,pdf_verified,pdf_verified
MPSF,2026,men,mpsf_2026,200 Back,1:41.55,1:44.58,1:49.12,0.5047,MPSF 2026 RESULTS.pdf,pdf_repaired,pdf_verified,pdf_verified,pdf_verified
MPSF,2026,men,mpsf_2026,200 Breast,1:54.28,1:58.76,2:01.40,0.4747,MPSF 2026 RESULTS.pdf,pdf_repaired,pdf_verified,pdf_verified,pdf_verified
MPSF,2026,men,mpsf_2026,200 Fly,1:43.45,1:50.49,1:50.72,0.4847,MPSF 2026 RESULTS.pdf,pdf_repaired,pdf_verified,pdf_verified,pdf_verified
MPSF,2026,men,mpsf_2026,200 Free,1:33.80,1:38.25,1:40.40,0.44,MPSF 2026 RESULTS.pdf,pdf_repaired,pdf_verified,pdf_verified,pdf_verified
MPSF,2026,men,mpsf_2026,200 IM,1:43.70,1:48.37,1:51.70,0.5333,MPSF 2026 RESULTS.pdf,pdf_repaired,pdf_verified,pdf_verified,pdf_verified
MPSF,2026,men,mpsf_2026,400 IM,3:44.10,3:54.21,4:02.05,1.1967,MPSF 2026 RESULTS.pdf,pdf_repaired,pdf_verified,pdf_verified,pdf_verified
MPSF,2026,men,mpsf_2026,50 Free,19.20,20.02,20.41,0.0807,MPSF 2026 RESULTS.pdf,pdf_repaired,pdf_verified,pdf_verified,pdf_verified
MPSF,2026,men,mpsf_2026,500 Free,4:16.20,4:26.73,4:32.56,1.0907,MPSF 2026 RESULTS.pdf,pdf_repaired,pdf_verified,pdf_verified,pdf_verified
MPSF,2026,women,mpsf_2026,100 Back,54.37,56.00,56.50,0.142,MPSF 2026 RESULTS.pdf,pdf_repaired,pdf_verified,pdf_verified,pdf_verified
MPSF,2026,women,mpsf_2026,100 Breast,59.96,1:03.47,1:04.54,0.3053,MPSF 2026 RESULTS.pdf,pdf_repaired,pdf_verified,pdf_verified,pdf_verified
MPSF,2026,women,mpsf_2026,100 Fly,53.74,55.51,55.94,0.1467,MPSF 2026 RESULTS.pdf,pdf_repaired,pdf_verified,pdf_verified,pdf_verified
MPSF,2026,women,mpsf_2026,100 Free,49.29,50.64,51.61,0.1547,MPSF 2026 RESULTS.pdf,pdf_repaired,pdf_verified,pdf_verified,pdf_verified
MPSF,2026,women,mpsf_2026,1650 Free,16:35.33,17:01.74,17:21.70,3.0913,MPSF 2026 RESULTS.pdf,finals,,,
MPSF,2026,women,mpsf_2026,200 Back,1:57.18,2:02.80,2:03.93,0.45,MPSF 2026 RESULTS.pdf,pdf_repaired,pdf_verified,pdf_verified,pdf_verified
MPSF,2026,women,mpsf_2026,200 Breast,2:10.84,2:18.77,2:20.44,0.64,MPSF 2026 RESULTS.pdf,pdf_repaired,pdf_verified,pdf_verified,pdf_verified
MPSF,2026,women,mpsf_2026,200 Fly,1:59.70,2:03.53,2:05.76,0.404,MPSF 2026 RESULTS.pdf,pdf_repaired,pdf_verified,pdf_verified,pdf_verified
MPSF,2026,women,mpsf_2026,200 Free,1:47.58,1:51.05,1:52.85,0.3513,MPSF 2026 RESULTS.pdf,pdf_repaired,pdf_verified,pdf_verified,pdf_verified
MPSF,2026,women,mpsf_2026,200 IM,1:59.18,2:03.98,2:06.16,0.4653,MPSF 2026 RESULTS.pdf,pdf_repaired,pdf_verified,pdf_verified,pdf_verified
MPSF,2026,women,mpsf_2026,400 IM,4:17.01,4:25.03,4:30.08,0.8713,MPSF 2026 RESULTS.pdf,pdf_repaired,pdf_verified,pdf_verified,pdf_verified
MPSF,2026,women,mpsf_2026,50 Free,22.70,23.37,23.52,0.0547,MPSF 2026 RESULTS.pdf,pdf_repaired,pdf_verified,pdf_verified,pdf_verified
MPSF,2026,women,mpsf_2026,500 Free,4:48.57,4:53.84,5:01.74,0.878,MPSF 2026 RESULTS.pdf,pdf_repaired,pdf_verified,pdf_verified,pdf_verified
NCAC,unknown,men,unknown_unknown,100 Back,48.42,50.29,52.13,0.2473,NCACSwimDiveChamps-FinalResults2026.pdf.pdf,finals,,,
NCAC,unknown,men,unknown_unknown,100 Breast,54.42,56.10,59.19,0.318,NCACSwimDiveChamps-FinalResults2026.pdf.pdf,finals,,,
NCAC,unknown,men,unknown_unknown,100 Fly,47.57,50.17,50.92,0.2233,NCACSwimDiveChamps-FinalResults2026.pdf.pdf,finals,,,
NCAC,unknown,men,unknown_unknown,100 Free,43.58,45.41,47.33,0.25,NCACSwimDiveChamps-FinalResults2026.pdf.pdf,finals,,,
NCAC,unknown,men,unknown_unknown,1650 Free,15:24.75,16:04.18,16:48.88,5.6087,NCACSwimDiveChamps-FinalResults2026.pdf.pdf,finals,,,
NCAC,unknown,men,unknown_unknown,200 Back,1:46.42,1:51.38,1:56.32,0.66,NCACSwimDiveChamps-FinalResults2026.pdf.pdf,finals,,,
NCAC,unknown,men,unknown_unknown,200 Breast,2:00.78,2:04.33,2:07.57,0.4527,NCACSwimDiveChamps-FinalResults2026.pdf.pdf,finals,,,
NCAC,unknown,men,unknown_unknown,200 Fly,1:48.41,1:53.61,1:59.84,0.762,NCACSwimDiveChamps-FinalResults2026.pdf.pdf,finals,,,
NCAC,unknown,men,unknown_unknown,200 Free,1:35.66,1:40.59,1:44.56,0.5933,NCACSwimDiveChamps-FinalResults2026.pdf.pdf,finals,,,
NCAC,unknown,men,unknown_unknown,200 IM,1:47.02,1:51.86,1:55.90,0.592,NCACSwimDiveChamps-FinalResults2026.pdf.pdf,finals,,,
NCAC,unknown,men,unknown_unknown,400 IM,3:52.99,4:07.91,4:16.50,1.5673,NCACSwimDiveChamps-FinalResults2026.pdf.pdf,finals,,,
NCAC,unknown,men,unknown_unknown,500 Free,4:26.22,4:35.15,4:40.90,0.9787,NCACSwimDiveChamps-FinalResults2026.pdf.pdf,finals,,,
NCAC,unknown,women,unknown_unknown,100 Back,54.36,57.43,1:01.06,0.4467,NCACSwimDiveChamps-FinalResults2026.pdf.pdf,finals,,,
NCAC,unknown,women,unknown_unknown,100 Breast,1:01.32,1:07.55,1:11.98,0.7107,NCACSwimDiveChamps-FinalResults2026.pdf.pdf,finals,,,
NCAC,unknown,women,unknown_unknown,100 Fly,55.38,57.20,1:00.25,0.3247,NCACSwimDiveChamps-FinalResults2026.pdf.pdf,finals,,,
NCAC,unknown,women,unknown_unknown,100 Free,50.46,52.79,54.87,0.294,NCACSwimDiveChamps-FinalResults2026.pdf.pdf,finals,,,
NCAC,unknown,women,unknown_unknown,1650 Free,16:40.29,17:46.77,19:17.81,10.5013,NCACSwimDiveChamps-FinalResults2026.pdf.pdf,finals,,,
NCAC,unknown,women,unknown_unknown,200 Back,1:59.91,2:08.51,2:16.23,1.088,NCACSwimDiveChamps-FinalResults2026.pdf.pdf,finals,,,
NCAC,unknown,women,unknown_unknown,200 Breast,2:14.19,2:31.58,2:47.08,2.1927,NCACSwimDiveChamps-FinalResults2026.pdf.pdf,finals,,,
NCAC,unknown,women,unknown_unknown,200 Fly,2:01.81,2:11.15,2:22.80,1.3993,NCACSwimDiveChamps-FinalResults2026.pdf.pdf,finals,,,
NCAC,unknown,women,unknown_unknown,200 Free,1:49.68,1:53.84,2:00.03,0.69,NCACSwimDiveChamps-FinalResults2026.pdf.pdf,finals,,,
NCAC,unknown,women,unknown_unknown,200 IM,2:03.72,2:10.91,2:15.45,0.782,NCACSwimDiveChamps-FinalResults2026.pdf.pdf,finals,,,
NCAC,unknown,women,unknown_unknown,400 IM,4:22.77,4:47.58,5:00.99,2.548,NCACSwimDiveChamps-FinalResults2026.pdf.pdf,finals,,,
NCAC,unknown,women,unknown_unknown,50 Free,23.21,23.87,25.04,0.122,NCACSwimDiveChamps-FinalResults2026.pdf.pdf,finals,,,
NCAC,unknown,women,unknown_unknown,500 Free,4:51.06,5:05.42,5:20.32,1.9507,NCACSwimDiveChamps-FinalResults2026.pdf.pdf,finals,,,
NESCAC,2026,men,nescac_2026,100 Back,48.07,49.91,52.98,0.3273,2026 NESCAC MENS RESULTS.pdf,finals,,,
NESCAC,2026,men,nescac_2026,100 Breast,51.85,56.06,57.61,0.384,2026 NESCAC MENS RESULTS.pdf,finals,,,
NESCAC,2026,men,nescac_2026,100 Fly,48.23,49.50,50.00,0.118,2026 NESCAC MENS RESULTS.pdf,finals,,,
NESCAC,2026,men,nescac_2026,100 Free,42.92,45.73,46.64,0.248,2026 NESCAC MENS RESULTS.pdf,finals,,,
NESCAC,2026,men,nescac_2026,1000 Free,9:10.55,9:23.19,9:43.72,2.2113,2026 NESCAC MENS RESULTS.pdf,finals,,,
NESCAC,2026,men,nescac_2026,1650 Free,15:29.51,16:04.09,16:24.18,3.6447,2026 NESCAC MENS RESULTS.pdf,finals,,,
NESCAC,2026,men,nescac_2026,200 Back,1:43.66,1:48.90,1:54.27,0.6712500000000006,2026 NESCAC MENS RESULTS.pdf,replaced_invalid_non_monotonic_current,legacy_backfill_from_d3_conference_swim_master,legacy_backfill_from_d3_conference_swim_master,legacy_backfill_from_d3_conference_swim_master
NESCAC,2026,men,nescac_2026,200 Breast,1:55.12,2:01.40,2:06.20,0.7387,2026 NESCAC MENS RESULTS.pdf,finals,,,
NESCAC,2026,men,nescac_2026,200 Fly,1:46.19,1:51.21,1:53.73,0.5027,2026 NESCAC MENS RESULTS.pdf,finals,,,
NESCAC,2026,men,nescac_2026,200 Free,1:37.30,1:40.18,1:41.73,0.2953,2026 NESCAC MENS RESULTS.pdf,finals,,,
NESCAC,2026,men,nescac_2026,200 IM,1:44.85,1:48.63,1:52.10,0.4337499999999999,2026 NESCAC MENS RESULTS.pdf,replaced_invalid_non_monotonic_current,legacy_backfill_from_d3_conference_swim_master,legacy_backfill_from_d3_conference_swim_master,legacy_backfill_from_d3_conference_swim_master
NESCAC,2026,men,nescac_2026,400 IM,3:50.78,4:02.73,4:06.09,1.0207,2026 NESCAC MENS RESULTS.pdf,finals,,,
NESCAC,2026,men,nescac_2026,50 Free,19.61,20.56,21.01,0.0933,2026 NESCAC MENS RESULTS.pdf,finals,,,
NESCAC,2026,men,nescac_2026,500 Free,4:24.25,4:35.81,4:42.31,1.204,2026 NESCAC MENS RESULTS.pdf,finals,,,
NESCAC,2026,women,nescac_2026,100 Back,55.42,56.93,58.51,0.206,2026 NESCAC WOMENS Final_Results.pdf,finals,,,
NESCAC,2026,women,nescac_2026,100 Breast,1:02.50,1:05.25,1:07.91,0.3607,2026 NESCAC WOMENS Final_Results.pdf,finals,,,
NESCAC,2026,women,nescac_2026,100 Fly,54.66,55.56,56.90,0.1493,2026 NESCAC WOMENS Final_Results.pdf,finals,,,
NESCAC,2026,women,nescac_2026,100 Free,50.22,51.50,52.53,0.154,2026 NESCAC WOMENS Final_Results.pdf,finals,,,
NESCAC,2026,women,nescac_2026,1000 Free,10:00.97,10:31.43,10:42.72,2.7833,2026 NESCAC WOMENS Final_Results.pdf,finals,,,
NESCAC,2026,women,nescac_2026,1650 Free,16:47.11,17:42.09,17:58.50,4.7593,2026 NESCAC WOMENS Final_Results.pdf,finals,,,
NESCAC,2026,women,nescac_2026,200 Back,2:00.38,2:06.45,2:10.38,0.6667,2026 NESCAC WOMENS Final_Results.pdf,finals,,,
NESCAC,2026,women,nescac_2026,200 Breast,2:15.96,2:24.21,2:29.43,0.898,2026 NESCAC WOMENS Final_Results.pdf,finals,,,
NESCAC,2026,women,nescac_2026,200 Fly,2:01.10,2:05.98,2:09.17,0.538,2026 NESCAC WOMENS Final_Results.pdf,finals,,,
NESCAC,2026,women,nescac_2026,200 Free,1:49.86,1:54.15,1:55.71,0.39,2026 NESCAC WOMENS Final_Results.pdf,finals,,,
NESCAC,2026,women,nescac_2026,200 IM,2:01.39,2:08.52,2:10.26,0.5913,2026 NESCAC WOMENS Final_Results.pdf,finals,,,
NESCAC,2026,women,nescac_2026,400 IM,4:20.58,4:38.56,4:39.91,1.2887,2026 NESCAC WOMENS Final_Results.pdf,finals,,,
NESCAC,2026,women,nescac_2026,50 Free,22.73,23.81,24.30,0.1047,2026 NESCAC WOMENS Final_Results.pdf,finals,,,
NESCAC,2026,women,nescac_2026,500 Free,4:52.21,5:07.91,5:10.37,1.2107,2026 NESCAC WOMENS Final_Results.pdf,finals,,,
NEWMAC,2026,men,newmac_2026,100 Back,49.06,50.28,52.96,0.26,2026_newmac_championships_full_results.pdf,finals,,,
NEWMAC,2026,men,newmac_2026,100 Breast,54.36,56.33,58.09,0.2487,2026_newmac_championships_full_results.pdf,finals,,,
NEWMAC,2026,men,newmac_2026,100 Fly,46.94,49.85,51.99,0.3367,2026_newmac_championships_full_results.pdf,finals,,,
NEWMAC,2026,men,newmac_2026,1650 Free,15:46.53,16:57.50,17:44.90,7.8913,2026_newmac_championships_full_results.pdf,finals,,,
NEWMAC,2026,men,newmac_2026,200 Back,1:49.41,1:54.83,2:01.53,0.808,2026_newmac_championships_full_results.pdf,finals,,,
NEWMAC,2026,men,newmac_2026,200 Breast,2:01.71,2:06.47,2:10.01,0.5533,2026_newmac_championships_full_results.pdf,finals,,,
NEWMAC,2026,men,newmac_2026,200 Fly,1:48.77,1:54.43,2:01.17,0.8424999999999994,2026_newmac_championships_full_results.pdf,replaced_invalid_non_monotonic_current,legacy_backfill_from_d3_conference_swim_master,legacy_backfill_from_d3_conference_swim_master,legacy_backfill_from_d3_conference_swim_master
NEWMAC,2026,men,newmac_2026,200 Free,1:37.98,1:41.92,1:44.42,0.4293,2026_newmac_championships_full_results.pdf,finals,,,
NEWMAC,2026,men,newmac_2026,200 IM,1:48.61,1:54.23,1:55.94,0.4887,2026_newmac_championships_full_results.pdf,finals,,,
NEWMAC,2026,men,newmac_2026,400 IM,3:55.55,4:11.15,4:22.17,1.7747,2026_newmac_championships_full_results.pdf,finals,,,
NEWMAC,2026,men,newmac_2026,50 Free,19.97,20.87,21.30,0.0887,2026_newmac_championships_full_results.pdf,finals,,,
NEWMAC,2026,men,newmac_2026,500 Free,4:29.55,4:41.67,4:47.69,1.2093,2026_newmac_championships_full_results.pdf,finals,,,
NEWMAC,2026,women,newmac_2026,100 Back,54.68,58.88,1:01.18,0.4333,2026_newmac_championships_full_results.pdf,finals,,,
NEWMAC,2026,women,newmac_2026,100 Breast,1:03.10,1:08.67,1:09.89,0.4527,2026_newmac_championships_full_results.pdf,finals,,,
NEWMAC,2026,women,newmac_2026,100 Fly,54.49,57.55,1:00.88,0.426,2026_newmac_championships_full_results.pdf,finals,,,
NEWMAC,2026,women,newmac_2026,100 Free,50.42,53.46,54.56,0.276,2026_newmac_championships_full_results.pdf,finals,,,
NEWMAC,2026,women,newmac_2026,1650 Free,17:24.23,18:32.48,19:17.62,7.5593,2026_newmac_championships_full_results.pdf,finals,,,
NEWMAC,2026,women,newmac_2026,200 Back,2:04.91,2:09.93,2:13.95,0.6027,2026_newmac_championships_full_results.pdf,finals,,,
NEWMAC,2026,women,newmac_2026,200 Breast,2:16.90,2:27.29,2:34.21,1.154,2026_newmac_championships_full_results.pdf,finals,,,
NEWMAC,2026,women,newmac_2026,200 Fly,2:03.34,2:07.25,2:19.57,1.082,2026_newmac_championships_full_results.pdf,finals,,,
NEWMAC,2026,women,newmac_2026,200 Free,1:50.76,1:57.93,1:58.64,0.5253,2026_newmac_championships_full_results.pdf,finals,,,
NEWMAC,2026,women,newmac_2026,200 IM,2:02.55,2:07.10,2:13.47,0.728,2026_newmac_championships_full_results.pdf,finals,,,
NEWMAC,2026,women,newmac_2026,400 IM,4:27.54,4:45.21,4:55.08,1.836,2026_newmac_championships_full_results.pdf,finals,,,
NEWMAC,2026,women,newmac_2026,50 Free,23.15,24.25,25.13,0.132,2026_newmac_championships_full_results.pdf,finals,,,
NEWMAC,2026,women,newmac_2026,500 Free,4:52.57,5:13.71,5:20.20,1.842,2026_newmac_championships_full_results.pdf,finals,,,
ODAC,2026,men,odac_2026,100 Back,47.81,53.61,56.38,0.5713,odac 2026 MENS swim-full-results.pdf,prelim_fallback,,,
ODAC,2026,men,odac_2026,100 Breast,53.76,58.29,1:01.84,0.5387,odac 2026 MENS swim-full-results.pdf,prelim_fallback,,,
ODAC,2026,men,odac_2026,100 Fly,48.18,51.12,53.53,0.3567,odac 2026 MENS swim-full-results.pdf,prelim_fallback,,,
ODAC,2026,men,odac_2026,100 Free,44.08,47.00,48.28,0.28,odac 2026 MENS swim-full-results.pdf,prelim_fallback,,,
ODAC,2026,men,odac_2026,1650 Free,15:58.34,16:48.03,18:12.45,8.9407,odac 2026 MENS swim-full-results.pdf,prelim_fallback,,,
ODAC,2026,men,odac_2026,200 Back,1:47.73,1:57.46,2:05.10,1.158,odac 2026 MENS swim-full-results.pdf,prelim_fallback,,,
ODAC,2026,men,odac_2026,200 Breast,1:58.53,2:08.09,2:13.84,1.0207,odac 2026 MENS swim-full-results.pdf,prelim_fallback,,,
ODAC,2026,men,odac_2026,200 Fly,1:50.89,1:59.01,2:05.96,1.0047,odac 2026 MENS swim-full-results.pdf,prelim_fallback,,,
ODAC,2026,men,odac_2026,200 Free,1:37.65,1:44.54,1:48.56,0.7273,odac 2026 MENS swim-full-results.pdf,prelim_fallback,,,
ODAC,2026,men,odac_2026,200 IM,1:47.61,1:57.11,1:57.74,0.6753,odac 2026 MENS swim-full-results.pdf,prelim_fallback,,,
ODAC,2026,men,odac_2026,400 IM,4:02.35,4:13.74,4:48.83,3.0987,odac 2026 MENS swim-full-results.pdf,prelim_fallback,,,
ODAC,2026,men,odac_2026,50 Free,20.29,21.41,21.92,0.1087,odac 2026 MENS swim-full-results.pdf,prelim_fallback,,,
ODAC,2026,men,odac_2026,500 Free,4:32.27,4:48.31,4:52.86,1.3727,odac 2026 MENS swim-full-results.pdf,prelim_fallback,,,
ODAC,2026,women,odac_2026,100 Back,56.80,1:01.84,1:05.47,0.578,odac 2026 WOMENS swim_results.pdf,prelim_fallback,,,
ODAC,2026,women,odac_2026,100 Breast,1:04.49,1:08.27,1:13.22,0.582,odac 2026 WOMENS swim_results.pdf,prelim_fallback,,,
ODAC,2026,women,odac_2026,100 Fly,56.83,1:01.12,1:04.79,0.5307,odac 2026 WOMENS swim_results.pdf,prelim_fallback,,,
ODAC,2026,women,odac_2026,100 Free,52.33,54.83,1:01.54,0.614,odac 2026 WOMENS swim_results.pdf,prelim_fallback,,,
ODAC,2026,women,odac_2026,1650 Free,17:29.61,18:40.31,19:36.29,8.4453,odac 2026 WOMENS swim_results.pdf,prelim_fallback,,,
ODAC,2026,women,odac_2026,200 Back,2:03.50,2:14.85,2:22.88,1.292,odac 2026 WOMENS swim_results.pdf,prelim_fallback,,,
ODAC,2026,women,odac_2026,200 Breast,2:21.67,2:31.07,2:49.15,1.832,odac 2026 WOMENS swim_results.pdf,prelim_fallback,,,
ODAC,2026,women,odac_2026,200 Fly,2:06.83,2:17.34,4:07.45,8.0413,odac 2026 WOMENS swim_results.pdf,prelim_fallback,,,
ODAC,2026,women,odac_2026,200 Free,1:55.15,1:59.00,2:07.41,0.8173,odac 2026 WOMENS swim_results.pdf,prelim_fallback,,,
ODAC,2026,women,odac_2026,200 IM,2:06.68,2:12.42,2:16.20,0.6347,odac 2026 WOMENS swim_results.pdf,prelim_fallback,,,
ODAC,2026,women,odac_2026,400 IM,4:36.06,4:47.91,5:22.69,3.1087,odac 2026 WOMENS swim_results.pdf,prelim_fallback,,,
ODAC,2026,women,odac_2026,50 Free,23.74,24.61,25.64,0.1267,odac 2026 WOMENS swim_results.pdf,prelim_fallback,,,
ODAC,2026,women,odac_2026,500 Free,5:06.61,5:20.73,5:32.30,1.7127,odac 2026 WOMENS swim_results.pdf,prelim_fallback,,,
PCSC,2026,men,pcsc_2026,100 Back,49.30,52.00,54.39,0.3393,PCSC 2026 Results.pdf,prelim_fallback,,,
PCSC,2026,men,pcsc_2026,100 Breast,55.24,57.01,1:01.20,0.3973,PCSC 2026 Results.pdf,prelim_fallback,,,
PCSC,2026,men,pcsc_2026,100 Fly,48.07,50.07,51.59,0.2347,PCSC 2026 Results.pdf,prelim_fallback,,,
PCSC,2026,men,pcsc_2026,100 Free,43.97,45.37,47.01,0.2027,PCSC 2026 Results.pdf,prelim_fallback,,,
PCSC,2026,men,pcsc_2026,1000 Free,9:15.95,9:50.55,10:41.08,5.6753,PCSC 2026 Results.pdf,prelim_fallback,,,
PCSC,2026,men,pcsc_2026,1650 Free,15:40.68,16:40.24,17:48.44,8.5173,PCSC 2026 Results.pdf,prelim_fallback,,,
PCSC,2026,men,pcsc_2026,200 Back,1:46.65,1:56.15,2:09.26,1.5073,PCSC 2026 Results.pdf,prelim_fallback,,,
PCSC,2026,men,pcsc_2026,200 Breast,2:00.10,2:07.91,2:22.93,1.522,PCSC 2026 Results.pdf,prelim_fallback,,,
PCSC,2026,men,pcsc_2026,200 Fly,1:48.84,1:53.62,2:12.97,1.6087,PCSC 2026 Results.pdf,prelim_fallback,,,
PCSC,2026,men,pcsc_2026,200 Free,1:38.77,1:42.52,1:52.40,0.9087,PCSC 2026 Results.pdf,prelim_fallback,,,
PCSC,2026,men,pcsc_2026,200 IM,1:47.34,1:53.67,2:08.04,1.38,PCSC 2026 Results.pdf,prelim_fallback,,,
PCSC,2026,men,pcsc_2026,400 IM,3:54.26,4:12.85,4:29.03,2.318,PCSC 2026 Results.pdf,prelim_fallback,,,
PCSC,2026,men,pcsc_2026,50 Free,20.14,20.95,21.17,0.0687,PCSC 2026 Results.pdf,prelim_fallback,,,
PCSC,2026,men,pcsc_2026,500 Free,4:27.96,4:51.70,5:08.09,2.6753,PCSC 2026 Results.pdf,prelim_fallback,,,
PCSC,2026,women,pcsc_2026,100 Back,55.62,56.85,58.69,0.2047,PCSC 2026 Results.pdf,prelim_fallback,,,
PCSC,2026,women,pcsc_2026,100 Breast,1:04.07,1:05.20,1:07.82,0.25,PCSC 2026 Results.pdf,prelim_fallback,,,
PCSC,2026,women,pcsc_2026,100 Fly,54.44,58.16,58.73,0.286,PCSC 2026 Results.pdf,prelim_fallback,,,
PCSC,2026,women,pcsc_2026,100 Free,50.12,53.03,53.16,0.2027,PCSC 2026 Results.pdf,prelim_fallback,,,
PCSC,2026,women,pcsc_2026,1000 Free,10:06.84,10:37.11,10:48.23,2.7593,PCSC 2026 Results.pdf,prelim_fallback,,,
PCSC,2026,women,pcsc_2026,1650 Free,16:57.28,18:03.15,18:21.78,5.6333,PCSC 2026 Results.pdf,prelim_fallback,,,
PCSC,2026,women,pcsc_2026,200 Back,2:01.82,2:07.10,2:09.48,0.5107,PCSC 2026 Results.pdf,prelim_fallback,,,
PCSC,2026,women,pcsc_2026,200 Breast,2:16.81,2:22.92,2:27.70,0.726,PCSC 2026 Results.pdf,prelim_fallback,,,
PCSC,2026,women,pcsc_2026,200 Fly,2:02.92,2:08.76,2:12.43,0.634,PCSC 2026 Results.pdf,prelim_fallback,,,
PCSC,2026,women,pcsc_2026,200 Free,1:51.52,1:55.18,1:56.61,0.3393,PCSC 2026 Results.pdf,prelim_fallback,,,
PCSC,2026,women,pcsc_2026,200 IM,2:01.71,2:08.83,2:11.00,0.6193,PCSC 2026 Results.pdf,prelim_fallback,,,
PCSC,2026,women,pcsc_2026,400 IM,4:23.31,4:35.30,4:42.07,1.2507,PCSC 2026 Results.pdf,prelim_fallback,,,
PCSC,2026,women,pcsc_2026,50 Free,23.42,23.86,24.82,0.0933,PCSC 2026 Results.pdf,prelim_fallback,,,
PCSC,2026,women,pcsc_2026,500 Free,4:57.58,5:09.69,5:17.34,1.3173,PCSC 2026 Results.pdf,prelim_fallback,,,
PSAC,2026,men,psac_2026,100 Back,48.81,51.28,52.99,0.2787,PSAC 2026 RESULTS.pdf,finals,,,
PSAC,2026,men,psac_2026,100 Breast,55.46,56.71,58.64,0.212,PSAC 2026 RESULTS.pdf,finals,,,
PSAC,2026,men,psac_2026,100 Fly,48.32,49.98,51.12,0.1867,PSAC 2026 RESULTS.pdf,finals,,,
PSAC,2026,men,psac_2026,100 Free,44.30,46.73,47.07,0.1847,PSAC 2026 RESULTS.pdf,finals,,,
PSAC,2026,men,psac_2026,1000 Free,9:13.02,9:45.42,10:01.66,3.2427,PSAC 2026 RESULTS.pdf,finals,,,
PSAC,2026,men,psac_2026,1650 Free,15:19.54,16:23.64,16:52.34,6.1867,PSAC 2026 RESULTS.pdf,finals,,,
PSAC,2026,men,psac_2026,200 Back,1:46.74,1:52.70,1:57.65,0.7273,PSAC 2026 RESULTS.pdf,finals,,,
PSAC,2026,men,psac_2026,200 Breast,2:01.85,2:04.49,2:08.58,0.4487,PSAC 2026 RESULTS.pdf,finals,,,
PSAC,2026,men,psac_2026,200 Fly,1:48.89,1:54.67,1:57.04,0.5433,PSAC 2026 RESULTS.pdf,finals,,,
PSAC,2026,men,psac_2026,200 Free,1:37.97,1:42.36,1:47.50,0.6353,PSAC 2026 RESULTS.pdf,finals,,,
PSAC,2026,men,psac_2026,200 IM,1:47.63,1:51.79,1:57.74,0.674,PSAC 2026 RESULTS.pdf,finals,,,
PSAC,2026,men,psac_2026,400 IM,3:53.46,4:10.48,4:14.59,1.4087,PSAC 2026 RESULTS.pdf,finals,,,
PSAC,2026,men,psac_2026,50 Free,20.23,20.95,21.47,0.0827,PSAC 2026 RESULTS.pdf,finals,,,
PSAC,2026,men,psac_2026,500 Free,4:23.91,4:41.46,4:55.44,2.102,PSAC 2026 RESULTS.pdf,finals,,,
PSAC,2026,women,psac_2026,100 Back,55.34,58.35,1:00.62,0.352,PSAC 2026 RESULTS.pdf,finals,,,
PSAC,2026,women,psac_2026,100 Breast,1:04.28,1:06.35,1:07.76,0.232,PSAC 2026 RESULTS.pdf,finals,,,
PSAC,2026,women,psac_2026,100 Fly,56.07,58.41,59.36,0.2193,PSAC 2026 RESULTS.pdf,finals,,,
PSAC,2026,women,psac_2026,100 Free,50.58,53.29,53.37,0.186,PSAC 2026 RESULTS.pdf,finals,,,
PSAC,2026,women,psac_2026,1000 Free,10:13.47,10:35.17,10:52.83,2.624,PSAC 2026 RESULTS.pdf,finals,,,
PSAC,2026,women,psac_2026,1650 Free,17:00.37,17:48.85,18:17.75,5.1587,PSAC 2026 RESULTS.pdf,finals,,,
PSAC,2026,women,psac_2026,200 Back,1:59.38,2:09.95,2:11.39,0.8007,PSAC 2026 RESULTS.pdf,finals,,,
PSAC,2026,women,psac_2026,200 Breast,2:17.63,2:25.82,2:28.64,0.734,PSAC 2026 RESULTS.pdf,finals,,,
PSAC,2026,women,psac_2026,200 Fly,2:02.05,2:10.78,2:15.06,0.8673,PSAC 2026 RESULTS.pdf,finals,,,
PSAC,2026,women,psac_2026,200 Free,1:51.61,1:54.95,2:00.73,0.608,PSAC 2026 RESULTS.pdf,finals,,,
PSAC,2026,women,psac_2026,200 IM,2:04.20,2:10.99,2:11.98,0.5187,PSAC 2026 RESULTS.pdf,finals,,,
PSAC,2026,women,psac_2026,400 IM,4:23.46,4:40.54,4:43.89,1.362,PSAC 2026 RESULTS.pdf,finals,,,
PSAC,2026,women,psac_2026,50 Free,23.03,23.99,24.51,0.0987,PSAC 2026 RESULTS.pdf,finals,,,
PSAC,2026,women,psac_2026,500 Free,4:58.33,5:04.89,5:14.73,1.0933,PSAC 2026 RESULTS.pdf,finals,,,
Patriot,2026,men,patriot_2026,100 Back,44.80,48.63,50.19,0.3593,Patriot League 2026 results.pdf,prelim_fallback,,,
Patriot,2026,men,patriot_2026,100 Breast,51.69,53.09,56.69,0.3333,Patriot League 2026 results.pdf,prelim_fallback,,,
Patriot,2026,men,patriot_2026,100 Fly,46.11,48.11,48.98,0.1913,Patriot League 2026 results.pdf,prelim_fallback,,,
Patriot,2026,men,patriot_2026,100 Free,42.44,43.76,45.03,0.1727,Patriot League 2026 results.pdf,prelim_fallback,,,
Patriot,2026,men,patriot_2026,1650 Free,14:54.68,15:34.23,15:53.93,3.95,Patriot League 2026 results.pdf,prelim_fallback,,,
Patriot,2026,men,patriot_2026,200 Back,1:40.13,1:47.98,1:49.89,0.6507,Patriot League 2026 results.pdf,prelim_fallback,,,
Patriot,2026,men,patriot_2026,200 Breast,1:52.82,1:59.92,2:03.03,0.6807,Patriot League 2026 results.pdf,prelim_fallback,,,
Patriot,2026,men,patriot_2026,200 Fly,1:41.87,1:52.05,1:52.08,0.6807,Patriot League 2026 results.pdf,prelim_fallback,,,
Patriot,2026,men,patriot_2026,200 Free,1:34.07,1:37.68,1:39.72,0.3767,Patriot League 2026 results.pdf,prelim_fallback,,,
Patriot,2026,men,patriot_2026,200 IM,1:44.45,1:49.35,1:50.53,0.4053,Patriot League 2026 results.pdf,prelim_fallback,,,
Patriot,2026,men,patriot_2026,400 IM,3:47.66,3:52.54,4:01.19,0.902,Patriot League 2026 results.pdf,prelim_fallback,,,
Patriot,2026,men,patriot_2026,50 Free,19.28,20.12,20.48,0.08,Patriot League 2026 results.pdf,prelim_fallback,,,
Patriot,2026,men,patriot_2026,500 Free,4:16.73,4:26.53,4:32.67,1.0627,Patriot League 2026 results.pdf,prelim_fallback,,,
Patriot,2026,women,patriot_2026,100 Back,52.83,56.04,56.31,0.232,Patriot League 2026 results.pdf,prelim_fallback,,,
Patriot,2026,women,patriot_2026,100 Breast,59.78,1:02.75,1:05.37,0.3727,Patriot League 2026 results.pdf,prelim_fallback,,,
Patriot,2026,women,patriot_2026,100 Fly,51.34,54.47,55.36,0.268,Patriot League 2026 results.pdf,prelim_fallback,,,
Patriot,2026,women,patriot_2026,100 Free,48.85,51.31,51.56,0.1807,Patriot League 2026 results.pdf,prelim_fallback,,,
Patriot,2026,women,patriot_2026,1650 Free,16:31.72,17:07.90,17:25.30,3.572,Patriot League 2026 results.pdf,prelim_fallback,,,
Patriot,2026,women,patriot_2026,200 Back,1:56.51,2:01.59,2:04.58,0.538,Patriot League 2026 results.pdf,prelim_fallback,,,
Patriot,2026,women,patriot_2026,200 Breast,2:10.28,2:18.13,2:20.79,0.7007,Patriot League 2026 results.pdf,mixed_final_prelim_fallback,,,16th_final_dq_used_prelim16
Patriot,2026,women,patriot_2026,200 Fly,1:58.63,2:03.70,2:07.05,0.5613,Patriot League 2026 results.pdf,prelim_fallback,,,
Patriot,2026,women,patriot_2026,200 Free,1:46.38,1:50.70,1:54.73,0.5567,Patriot League 2026 results.pdf,prelim_fallback,,,
Patriot,2026,women,patriot_2026,200 IM,1:58.46,2:02.89,2:06.03,0.5047,Patriot League 2026 results.pdf,prelim_fallback,,,
Patriot,2026,women,patriot_2026,400 IM,4:16.24,4:29.95,4:38.87,1.5087,Patriot League 2026 results.pdf,prelim_fallback,,,
Patriot,2026,women,patriot_2026,50 Free,22.56,23.41,23.76,0.08,Patriot League 2026 results.pdf,prelim_fallback,,,
Patriot,2026,women,patriot_2026,500 Free,4:42.07,4:56.70,4:59.90,1.296,Patriot League 2026 results.pdf,prelim_fallback,,,
SAC,2026,men,sac_2026,100 Back,48.02,49.95,58.81,0.7193,SAC 2026 fri_final_results.pdf,finals,,,
SAC,2026,men,sac_2026,100 Breast,53.06,56.20,1:01.52,0.564,SAC 2026 fri_final_results.pdf,finals,,,
SAC,2026,men,sac_2026,100 Fly,47.14,49.04,51.46,0.288,SAC 2026 thu_final_results.pdf,finals,,,
SAC,2026,men,sac_2026,100 Free,42.84,44.85,46.93,0.2727,SAC 2026 sat_final_results.pdf,finals,,,
SAC,2026,men,sac_2026,1000 Free,9:05.89,9:33.69,10:10.71,4.3213,SAC 2026 wed_final_results.pdf,finals,,,
SAC,2026,men,sac_2026,1650 Free,15:23.80,16:06.42,19:11.05,15.15,SAC 2026 sat_final_results.pdf,finals,,,
SAC,2026,men,sac_2026,200 Back,1:45.58,1:50.68,2:12.65,1.8047,SAC 2026 sat_final_results.pdf,finals,,,
SAC,2026,men,sac_2026,200 Breast,1:59.53,2:08.82,2:16.11,1.1053,SAC 2026 sat_final_results.pdf,finals,,,
SAC,2026,men,sac_2026,200 Fly,1:47.58,1:52.98,1:58.88,0.7533,SAC 2026 fri_final_results.pdf,finals,,,
SAC,2026,men,sac_2026,200 Free,1:35.12,1:40.37,1:46.57,0.7633,SAC 2026 thu_final_results.pdf,finals,,,
SAC,2026,men,sac_2026,200 IM,1:47.18,1:52.60,1:59.63,0.83,SAC 2026 wed_final_results.pdf,finals,,,
SAC,2026,men,sac_2026,400 IM,3:51.79,4:13.28,4:19.26,1.8313,SAC 2026 thu_final_results.pdf,finals,,,
SAC,2026,men,sac_2026,50 Free,19.73,20.53,21.11,0.092,SAC 2026 wed_final_results.pdf,finals,,,
SAC,2026,men,sac_2026,500 Free,4:24.15,4:38.66,4:58.11,2.264,SAC 2026 fri_final_results.pdf,finals,,,
SAC,2026,women,sac_2026,100 Back,55.74,57.73,1:00.32,0.3053,SAC 2026 fri_final_results.pdf,finals,,,
SAC,2026,women,sac_2026,100 Breast,1:01.89,1:05.56,1:09.29,0.4933,SAC 2026 fri_final_results.pdf,finals,,,
SAC,2026,women,sac_2026,100 Fly,54.65,56.87,58.95,0.2867,SAC 2026 thu_final_results.pdf,finals,,,
SAC,2026,women,sac_2026,100 Free,50.31,51.68,53.76,0.23,SAC 2026 sat_final_results.pdf,finals,,,
SAC,2026,women,sac_2026,1000 Free,10:09.26,10:47.55,11:34.02,5.6507,SAC 2026 wed_final_results.pdf,finals,,,
SAC,2026,women,sac_2026,1650 Free,16:58.53,18:11.61,20:28.08,13.97,SAC 2026 sat_final_results.pdf,finals,,,
SAC,2026,women,sac_2026,200 Back,1:59.92,2:08.16,2:19.31,1.2927,SAC 2026 sat_final_results.pdf,finals,,,
SAC,2026,women,sac_2026,200 Breast,2:15.29,2:23.99,2:36.08,1.386,SAC 2026 sat_final_results.pdf,finals,,,
SAC,2026,women,sac_2026,200 Fly,2:01.35,2:10.24,2:38.43,2.472,SAC 2026 fri_final_results.pdf,finals,,,
SAC,2026,women,sac_2026,200 Free,1:49.97,1:54.99,1:57.89,0.528,SAC 2026 thu_final_results.pdf,finals,,,
SAC,2026,women,sac_2026,200 IM,2:03.41,2:06.68,2:11.59,0.5453,SAC 2026 wed_final_results.pdf,finals,,,
SAC,2026,women,sac_2026,400 IM,4:26.90,4:35.91,4:44.86,1.1973,SAC 2026 thu_final_results.pdf,finals,,,
SAC,2026,women,sac_2026,50 Free,23.12,24.02,24.68,0.104,SAC 2026 wed_final_results.pdf,finals,,,
SAC,2026,women,sac_2026,500 Free,4:57.83,5:10.70,5:28.12,2.0193,SAC 2026 fri_final_results.pdf,finals,,,
SCIAC,2026,men,sciac_2026,100 Back,49.29,52.37,53.82,0.302,2026_sciac_conference_results.pdf,finals,,,
SCIAC,2026,men,sciac_2026,100 Breast,54.97,56.97,59.80,0.322,2026_sciac_conference_results.pdf,finals,,,
SCIAC,2026,men,sciac_2026,100 Fly,48.07,50.80,51.12,0.2033,2026_sciac_conference_results.pdf,finals,,,
SCIAC,2026,men,sciac_2026,100 Free,45.16,45.74,48.19,0.202,2026_sciac_conference_results.pdf,finals,,,
SCIAC,2026,men,sciac_2026,1650 Free,15:37.94,16:19.53,18:10.03,10.1393,2026_sciac_conference_results.pdf,finals,,,
SCIAC,2026,men,sciac_2026,200 Back,1:49.26,1:53.50,1:57.21,0.53,2026_sciac_conference_results.pdf,finals,,,
SCIAC,2026,men,sciac_2026,200 Breast,2:00.72,2:06.33,2:10.73,0.6673,2026_sciac_conference_results.pdf,finals,,,
SCIAC,2026,men,sciac_2026,200 Fly,1:47.58,1:54.06,1:59.42,0.7893,2026_sciac_conference_results.pdf,finals,,,
SCIAC,2026,men,sciac_2026,200 Free,1:39.07,1:41.77,1:44.00,0.3287,2026_sciac_conference_results.pdf,finals,,,
SCIAC,2026,men,sciac_2026,200 IM,1:49.01,1:52.74,1:54.22,0.3473,2026_sciac_conference_results.pdf,finals,,,
SCIAC,2026,men,sciac_2026,400 IM,3:55.65,4:04.51,4:13.35,1.18,2026_sciac_conference_results.pdf,finals,,,
SCIAC,2026,men,sciac_2026,50 Free,20.36,21.03,21.57,0.0807,2026_sciac_conference_results.pdf,finals,,,
SCIAC,2026,men,sciac_2026,500 Free,4:28.48,4:39.57,4:47.18,1.2467,2026_sciac_conference_results.pdf,finals,,,
SCIAC,2026,women,sciac_2026,100 Back,55.93,58.86,1:00.38,0.2967,2026_sciac_conference_results.pdf,finals,,,
SCIAC,2026,women,sciac_2026,100 Breast,1:03.52,1:08.59,1:11.94,0.5613,2026_sciac_conference_results.pdf,finals,,,
SCIAC,2026,women,sciac_2026,100 Fly,54.22,57.38,1:00.62,0.4267,2026_sciac_conference_results.pdf,finals,,,
SCIAC,2026,women,sciac_2026,100 Free,50.13,52.10,55.19,0.3373,2026_sciac_conference_results.pdf,finals,,,
SCIAC,2026,women,sciac_2026,1650 Free,17:08.24,17:59.57,18:32.22,5.5987,2026_sciac_conference_results.pdf,finals,,,
SCIAC,2026,women,sciac_2026,200 Back,2:02.26,2:09.54,2:11.46,0.6133,2026_sciac_conference_results.pdf,finals,,,
SCIAC,2026,women,sciac_2026,200 Breast,2:19.60,2:31.44,2:32.77,0.878,2026_sciac_conference_results.pdf,finals,,,
SCIAC,2026,women,sciac_2026,200 Fly,2:01.01,2:10.37,2:35.10,2.2727,2026_sciac_conference_results.pdf,finals,,,
SCIAC,2026,women,sciac_2026,200 Free,1:48.59,1:55.17,1:59.80,0.7473,2026_sciac_conference_results.pdf,finals,,,
SCIAC,2026,women,sciac_2026,200 IM,2:04.44,2:09.07,2:12.70,0.5507,2026_sciac_conference_results.pdf,finals,,,
SCIAC,2026,women,sciac_2026,400 IM,4:25.90,4:38.51,4:53.77,1.858,2026_sciac_conference_results.pdf,finals,,,
SCIAC,2026,women,sciac_2026,50 Free,22.82,24.30,24.99,0.1447,2026_sciac_conference_results.pdf,finals,,,
SCIAC,2026,women,sciac_2026,500 Free,5:00.84,5:15.89,5:22.48,1.4427,2026_sciac_conference_results.pdf,finals,,,
SEC,2026,men,sec_2026,100 Back,43.86,45.23,48.99,0.342,2026-SEC-Complete-Results.pdf,finals,,,
SEC,2026,men,sec_2026,100 Breast,49.92,51.81,52.91,0.1993,2026-SEC-Complete-Results.pdf,finals,,,
SEC,2026,men,sec_2026,100 Fly,43.06,45.42,46.23,0.2113,2026-SEC-Complete-Results.pdf,finals,,,
SEC,2026,men,sec_2026,100 Free,40.42,42.03,43.41,0.1993,2026-SEC-Complete-Results.pdf,finals,,,
SEC,2026,men,sec_2026,1650 Free,14:25.14,14:47.85,15:03.96,2.588,2026-SEC-Complete-Results.pdf,finals,,,
SEC,2026,men,sec_2026,200 Back,1:36.38,1:41.31,1:42.39,0.4007,2026-SEC-Complete-Results.pdf,finals,,,
SEC,2026,men,sec_2026,200 Breast,1:48.94,1:55.22,1:55.69,0.45,2026-SEC-Complete-Results.pdf,finals,,,
SEC,2026,men,sec_2026,200 Fly,1:38.46,1:41.35,1:43.85,0.3593,2026-SEC-Complete-Results.pdf,finals,,,
SEC,2026,men,sec_2026,200 Free,1:31.53,1:32.59,1:34.17,0.176,2026-SEC-Complete-Results.pdf,finals,,,
SEC,2026,men,sec_2026,200 IM,1:40.53,1:44.07,1:45.66,0.342,2026-SEC-Complete-Results.pdf,finals,,,
SEC,2026,men,sec_2026,400 IM,3:35.75,3:44.87,3:45.94,0.6793,2026-SEC-Complete-Results.pdf,finals,,,
SEC,2026,men,sec_2026,50 Free,18.42,18.94,19.51,0.0727,2026-SEC-Complete-Results.pdf,finals,,,
SEC,2026,men,sec_2026,500 Free,4:08.46,4:13.02,4:17.73,0.618,2026-SEC-Complete-Results.pdf,finals,,,
SEC,2026,women,sec_2026,100 Back,50.50,51.99,52.83,0.1553,2026-SEC-Complete-Results.pdf,finals,,,
SEC,2026,women,sec_2026,100 Breast,57.11,1:00.29,1:00.51,0.2267,2026-SEC-Complete-Results.pdf,finals,,,
SEC,2026,women,sec_2026,100 Fly,50.35,52.30,52.94,0.1727,2026-SEC-Complete-Results.pdf,finals,,,
SEC,2026,women,sec_2026,100 Free,46.01,48.42,49.03,0.2013,2026-SEC-Complete-Results.pdf,finals,,,
SEC,2026,women,sec_2026,1650 Free,15:32.75,16:15.59,16:29.03,3.752,2026-SEC-Complete-Results.pdf,finals,,,
SEC,2026,women,sec_2026,200 Back,1:49.94,1:55.36,1:57.26,0.488,2026-SEC-Complete-Results.pdf,finals,,,
SEC,2026,women,sec_2026,200 Breast,2:07.26,2:10.14,2:12.11,0.3233,2026-SEC-Complete-Results.pdf,finals,,,
SEC,2026,women,sec_2026,200 Fly,1:50.60,1:56.80,1:58.72,0.5413,2026-SEC-Complete-Results.pdf,finals,,,
SEC,2026,women,sec_2026,200 Free,1:41.71,1:44.25,1:46.62,0.3273,2026-SEC-Complete-Results.pdf,finals,,,
SEC,2026,women,sec_2026,200 IM,1:53.90,1:58.43,2:03.15,0.6167,2026-SEC-Complete-Results.pdf,finals,,,
SEC,2026,women,sec_2026,400 IM,4:01.97,4:15.35,4:15.63,0.9107,2026-SEC-Complete-Results.pdf,finals,,,
SEC,2026,women,sec_2026,50 Free,20.87,22.03,22.58,0.114,2026-SEC-Complete-Results.pdf,finals,,,
SEC,2026,women,sec_2026,500 Free,4:30.53,4:36.35,4:45.09,0.9707,2026-SEC-Complete-Results.pdf,finals,,,
Summit League,2026,men,summitleague_2026,100 Back,45.21,49.38,50.31,-18.9793,SUMMIT LEAGUE 2026 RESULTS.pdf,finals,,,
Summit League,2026,men,summitleague_2026,100 Breast,52.61,55.99,56.98,0.2913,SUMMIT LEAGUE 2026 RESULTS.pdf,finals,,,
Summit League,2026,men,summitleague_2026,100 Fly,46.53,49.07,49.89,0.224,SUMMIT LEAGUE 2026 RESULTS.pdf,finals,,,
Summit League,2026,men,summitleague_2026,100 Free,42.98,45.18,47.49,0.3007,SUMMIT LEAGUE 2026 RESULTS.pdf,finals,,,
Summit League,2026,men,summitleague_2026,1650 Free,15:04.40,15:53.50,16:53.90,7.3,SUMMIT LEAGUE 2026 RESULTS.pdf,finals,,,
Summit League,2026,men,summitleague_2026,200 Back,1:42.68,1:51.26,1:55.11,0.8287,SUMMIT LEAGUE 2026 RESULTS.pdf,finals,,,
Summit League,2026,men,summitleague_2026,200 Breast,1:58.50,2:02.04,2:05.48,0.4653,SUMMIT LEAGUE 2026 RESULTS.pdf,finals,,,
Summit League,2026,men,summitleague_2026,200 Fly,1:47.77,1:52.01,1:52.36,0.306,SUMMIT LEAGUE 2026 RESULTS.pdf,finals,,,
Summit League,2026,men,summitleague_2026,200 Free,1:37.69,1:40.35,1:41.80,0.274,SUMMIT LEAGUE 2026 RESULTS.pdf,finals,,,
Summit League,2026,men,summitleague_2026,200 IM,1:47.44,1:51.12,1:53.87,0.4287,SUMMIT LEAGUE 2026 RESULTS.pdf,finals,,,
Summit League,2026,men,summitleague_2026,400 IM,3:49.45,4:00.71,4:05.68,1.082,SUMMIT LEAGUE 2026 RESULTS.pdf,finals,,,
Summit League,2026,men,summitleague_2026,50 Free,19.15,20.68,20.95,0.12,SUMMIT LEAGUE 2026 RESULTS.pdf,finals,,,
Summit League,2026,men,summitleague_2026,500 Free,4:22.31,4:36.93,4:37.16,0.99,SUMMIT LEAGUE 2026 RESULTS.pdf,finals,,,
Summit League,2026,women,summitleague_2026,100 Back,54.42,57.96,58.28,0.2573,SUMMIT LEAGUE 2026 RESULTS.pdf,finals,,,
Summit League,2026,women,summitleague_2026,100 Breast,1:01.30,1:03.88,1:06.38,0.3387,SUMMIT LEAGUE 2026 RESULTS.pdf,finals,,,
Summit League,2026,women,summitleague_2026,100 Fly,52.86,56.68,58.00,0.3427,SUMMIT LEAGUE 2026 RESULTS.pdf,finals,,,
Summit League,2026,women,summitleague_2026,100 Free,50.14,51.70,53.42,0.2187,SUMMIT LEAGUE 2026 RESULTS.pdf,finals,,,
Summit League,2026,women,summitleague_2026,1650 Free,16:48.52,17:27.81,17:59.68,4.744,SUMMIT LEAGUE 2026 RESULTS.pdf,finals,,,
Summit League,2026,women,summitleague_2026,200 Back,1:57.76,2:04.23,2:07.18,0.628,SUMMIT LEAGUE 2026 RESULTS.pdf,finals,,,
Summit League,2026,women,summitleague_2026,200 Breast,2:13.36,2:21.68,2:25.85,0.8327,SUMMIT LEAGUE 2026 RESULTS.pdf,finals,,,
Summit League,2026,women,summitleague_2026,200 Fly,1:59.96,2:08.84,2:20.40,1.3627,SUMMIT LEAGUE 2026 RESULTS.pdf,finals,,,
Summit League,2026,women,summitleague_2026,200 Free,1:48.33,1:52.47,1:55.33,0.4667,SUMMIT LEAGUE 2026 RESULTS.pdf,finals,,,
Summit League,2026,women,summitleague_2026,200 IM,2:00.13,2:05.19,2:08.18,0.5367,SUMMIT LEAGUE 2026 RESULTS.pdf,finals,,,
Summit League,2026,women,summitleague_2026,400 IM,4:14.97,4:38.47,4:38.70,1.582,SUMMIT LEAGUE 2026 RESULTS.pdf,finals,,,
Summit League,2026,women,summitleague_2026,50 Free,22.75,23.51,24.06,0.0873,SUMMIT LEAGUE 2026 RESULTS.pdf,finals,,,
Summit League,2026,women,summitleague_2026,500 Free,4:49.40,5:07.39,5:14.96,1.704,SUMMIT LEAGUE 2026 RESULTS.pdf,finals,,,
UAA,2026,men,uaa_2026,100 Back,46.67,49.77,50.92,0.2833,2026 UAA Championships-FullSWIMResults.pdf,finals,,,
UAA,2026,men,uaa_2026,100 Breast,53.71,55.64,56.69,0.1987,2026 UAA Championships-FullSWIMResults.pdf,finals,,,
UAA,2026,men,uaa_2026,100 Fly,46.39,48.73,49.40,0.2007,2026 UAA Championships-FullSWIMResults.pdf,finals,,,
UAA,2026,men,uaa_2026,100 Free,43.16,45.05,45.43,0.1513,2026 UAA Championships-FullSWIMResults.pdf,finals,,,
UAA,2026,men,uaa_2026,1650 Free,15:24.33,15:59.31,16:29.93,4.3733,2026 UAA Championships-FullSWIMResults.pdf,finals,,,
UAA,2026,men,uaa_2026,200 Back,1:42.74,1:48.60,1:52.02,0.6187,2026 UAA Championships-FullSWIMResults.pdf,finals,,,
UAA,2026,men,uaa_2026,200 Breast,1:57.25,2:01.74,2:05.49,0.5493,2026 UAA Championships-FullSWIMResults.pdf,finals,,,
UAA,2026,men,uaa_2026,200 Fly,1:41.81,1:47.64,1:53.33,0.7112499999999997,2026 UAA Championships-FullSWIMResults.pdf,replaced_invalid_non_monotonic_current,legacy_backfill_from_d3_conference_swim_master,legacy_backfill_from_d3_conference_swim_master,legacy_backfill_from_d3_conference_swim_master
UAA,2026,men,uaa_2026,200 Free,1:35.66,1:39.39,1:40.51,0.3233,2026 UAA Championships-FullSWIMResults.pdf,finals,,,
UAA,2026,men,uaa_2026,200 IM,1:46.69,1:49.13,1:53.88,0.4793,2026 UAA Championships-FullSWIMResults.pdf,finals,,,
UAA,2026,men,uaa_2026,400 IM,3:49.97,3:57.25,4:06.36,1.0927,2026 UAA Championships-FullSWIMResults.pdf,finals,,,
UAA,2026,men,uaa_2026,50 Free,19.72,20.43,20.99,0.0847,2026 UAA Championships-FullSWIMResults.pdf,finals,,,
UAA,2026,men,uaa_2026,500 Free,4:23.98,4:35.22,4:35.47,0.766,2026 UAA Championships-FullSWIMResults.pdf,finals,,,
UAA,2026,women,uaa_2026,100 Back,54.58,56.34,58.83,0.2833,2026 UAA Championships-FullSWIMResults.pdf,finals,,,
UAA,2026,women,uaa_2026,100 Breast,1:02.03,1:04.63,1:06.25,0.2813,2026 UAA Championships-FullSWIMResults.pdf,finals,,,
UAA,2026,women,uaa_2026,100 Fly,54.77,56.04,57.90,0.2087,2026 UAA Championships-FullSWIMResults.pdf,finals,,,
UAA,2026,women,uaa_2026,100 Free,48.30,51.45,52.20,0.26,2026 UAA Championships-FullSWIMResults.pdf,finals,,,
UAA,2026,women,uaa_2026,1650 Free,16:59.77,17:31.77,18:04.19,4.2947,2026 UAA Championships-FullSWIMResults.pdf,finals,,,
UAA,2026,women,uaa_2026,200 Back,1:59.60,2:05.30,2:06.94,0.4893,2026 UAA Championships-FullSWIMResults.pdf,finals,,,
UAA,2026,women,uaa_2026,200 Breast,2:15.96,2:20.64,2:24.37,0.5607,2026 UAA Championships-FullSWIMResults.pdf,finals,,,
UAA,2026,women,uaa_2026,200 Fly,1:59.94,2:08.12,2:08.33,0.5593,2026 UAA Championships-FullSWIMResults.pdf,finals,,,
UAA,2026,women,uaa_2026,200 Free,1:44.74,1:51.83,1:54.73,0.666,2026 UAA Championships-FullSWIMResults.pdf,finals,,,
UAA,2026,women,uaa_2026,200 IM,2:01.01,2:07.09,2:09.41,0.56,2026 UAA Championships-FullSWIMResults.pdf,finals,,,
UAA,2026,women,uaa_2026,400 IM,4:23.09,4:32.79,4:44.06,1.398,2026 UAA Championships-FullSWIMResults.pdf,finals,,,
UAA,2026,women,uaa_2026,50 Free,22.43,23.68,24.01,0.1053,2026 UAA Championships-FullSWIMResults.pdf,finals,,,
UAA,2026,women,uaa_2026,500 Free,4:54.08,5:01.93,5:05.47,0.7593,2026 UAA Championships-FullSWIMResults.pdf,finals,,,
WAC,2025,men,wac_2025,100 Back,45.40,48.41,49.26,0.2573,WAC 2025 RESULTS.pdf,pdf_repaired,pdf_verified,pdf_verified,pdf_verified
WAC,2025,men,wac_2025,100 Breast,51.58,54.47,55.53,0.2633,WAC 2025 RESULTS.pdf,pdf_repaired,pdf_verified,pdf_verified,pdf_verified
WAC,2025,men,wac_2025,100 Free,41.83,44.19,44.59,0.184,WAC 2025 RESULTS.pdf,pdf_repaired,pdf_verified,pdf_verified,pdf_verified
WAC,2025,men,wac_2025,1650 Free,14:48.48,15:32.90,15:52.68,4.28,WAC 2025 RESULTS.pdf,pdf_repaired,pdf_verified,pdf_verified,pdf_verified
WAC,2025,men,wac_2025,200 Back,1:43.53,1:47.43,1:48.01,0.2987,WAC 2025 RESULTS.pdf,pdf_repaired,pdf_verified,pdf_verified,pdf_verified
WAC,2025,men,wac_2025,200 Free,1:35.32,1:37.44,1:40.61,0.3527,WAC 2025 RESULTS.pdf,pdf_repaired,pdf_verified,pdf_verified,pdf_verified
WAC,2025,men,wac_2025,200 IM,1:43.96,1:47.06,1:49.49,0.3687,WAC 2025 RESULTS.pdf,pdf_repaired,pdf_verified,pdf_verified,pdf_verified
WAC,2025,men,wac_2025,400 IM,3:46.01,3:56.97,4:03.65,1.176,WAC 2025 RESULTS.pdf,pdf_repaired,pdf_verified,pdf_verified,pdf_verified
WAC,2025,men,wac_2025,500 Free,4:16.95,4:26.69,4:28.35,0.76,WAC 2025 RESULTS.pdf,pdf_repaired,pdf_verified,pdf_verified,pdf_verified
WAC,2025,women,wac_2025,100 Fly,53.45,55.16,56.16,0.1807,WAC 2025 RESULTS.pdf,pdf_repaired,pdf_verified,pdf_verified,pdf_verified
WAC,2025,women,wac_2025,100 Free,48.76,51.13,51.62,0.1907,WAC 2025 RESULTS.pdf,pdf_repaired,pdf_verified,pdf_verified,pdf_verified
WAC,2025,women,wac_2025,1650 Free,16:28.17,17:04.15,17:42.51,4.956,WAC 2025 RESULTS.pdf,pdf_repaired,pdf_verified,pdf_verified,pdf_verified
WAC,2025,women,wac_2025,200 Breast,2:12.42,2:16.84,2:20.85,0.562,WAC 2025 RESULTS.pdf,pdf_repaired,pdf_verified,pdf_verified,pdf_verified
WAC,2025,women,wac_2025,200 Fly,1:58.38,2:02.62,2:04.91,0.4353,WAC 2025 RESULTS.pdf,pdf_repaired,pdf_verified,pdf_verified,pdf_verified
WAC,2025,women,wac_2025,200 Free,1:48.40,1:49.62,1:51.45,0.2033,WAC 2025 RESULTS.pdf,pdf_repaired,pdf_verified,pdf_verified,pdf_verified
WAC,2025,women,wac_2025,200 IM,1:58.35,2:04.20,2:05.16,0.454,WAC 2025 RESULTS.pdf,pdf_repaired,pdf_verified,pdf_verified,pdf_verified
WAC,2025,women,wac_2025,50 Free,22.19,23.46,23.72,0.102,WAC 2025 RESULTS.pdf,pdf_repaired,pdf_verified,pdf_verified,pdf_verified
WAC,2025,women,wac_2025,500 Free,4:48.95,4:58.77,5:00.97,0.8013,WAC 2025 RESULTS.pdf,pdf_repaired,pdf_verified,pdf_verified,pdf_verified
