Bundle_ID,Conference,Source_File,Page_Number,Raw_Header_Text,Gender_Normalized,Event_Normalized,Round_Normalized,Accepted_YN,Rejection_Reason,State_Action,Intervening_Line_Type,Dedupe_Key,Notes
patriot_2026,Patriot,Patriot League 2026 results.pdf,3,#6 Women 500 Yard Free,women,500 Free,unknown,yes,,finalize+open_event,,women:500 Free,session=prelims
patriot_2026,Patriot,Patriot League 2026 results.pdf,3,#6 Women 500 Yard Free,women,500 Free,unknown,yes,,finalize+open_event,,women:500 Free,session=prelims
patriot_2026,Patriot,Patriot League 2026 results.pdf,4,Preliminaries ... (#6 Women 500 Yard Free),women,500 Free,unknown,yes,,finalize+open_event,,women:500 Free,session=prelims
patriot_2026,Patriot,Patriot League 2026 results.pdf,4,#7 Men 500 Yard Free,men,500 Free,unknown,yes,,finalize+open_event,,men:500 Free,session=prelims
patriot_2026,Patriot,Patriot League 2026 results.pdf,5,A - Final ... (#7 Men 500 Yard Free),men,500 Free,A,yes,,finalize+open_event,,men:500 Free,session=prelims
patriot_2026,Patriot,Patriot League 2026 results.pdf,5,#7 Men 500 Yard Free,men,500 Free,unknown,yes,,finalize+open_event,,men:500 Free,session=prelims
patriot_2026,Patriot,Patriot League 2026 results.pdf,6,Preliminaries ... (#7 Men 500 Yard Free),men,500 Free,unknown,yes,,finalize+open_event,,men:500 Free,session=prelims
patriot_2026,Patriot,Patriot League 2026 results.pdf,6,#8 Women 200 Yard IM,women,200 IM,unknown,yes,,finalize+open_event,,women:200 IM,session=prelims
patriot_2026,Patriot,Patriot League 2026 results.pdf,6,#8 Women 200 Yard IM,women,200 IM,unknown,yes,,finalize+open_event,,women:200 IM,session=prelims
patriot_2026,Patriot,Patriot League 2026 results.pdf,7,Preliminaries ... (#8 Women 200 Yard IM),women,200 IM,unknown,yes,,finalize+open_event,,women:200 IM,session=prelims
patriot_2026,Patriot,Patriot League 2026 results.pdf,7,#9 Men 200 Yard IM,men,200 IM,unknown,yes,,finalize+open_event,,men:200 IM,session=prelims
patriot_2026,Patriot,Patriot League 2026 results.pdf,7,#9 Men 200 Yard IM,men,200 IM,unknown,yes,,finalize+open_event,,men:200 IM,session=prelims
patriot_2026,Patriot,Patriot League 2026 results.pdf,8,Preliminaries ... (#9 Men 200 Yard IM),men,200 IM,unknown,yes,,finalize+open_event,,men:200 IM,session=prelims
patriot_2026,Patriot,Patriot League 2026 results.pdf,8,#10 Women 50 Yard Free,women,50 Free,unknown,yes,,finalize+open_event,,women:50 Free,session=prelims
patriot_2026,Patriot,Patriot League 2026 results.pdf,8,#10 Women 50 Yard Free,women,50 Free,unknown,yes,,finalize+open_event,,women:50 Free,session=prelims
patriot_2026,Patriot,Patriot League 2026 results.pdf,9,Preliminaries ... (#10 Women 50 Yard Free),women,50 Free,unknown,yes,,finalize+open_event,,women:50 Free,session=prelims
patriot_2026,Patriot,Patriot League 2026 results.pdf,9,#11 Men 50 Yard Free,men,50 Free,unknown,yes,,finalize+open_event,,men:50 Free,session=prelims
patriot_2026,Patriot,Patriot League 2026 results.pdf,9,#11 Men 50 Yard Free,men,50 Free,unknown,yes,,finalize+open_event,,men:50 Free,session=prelims
patriot_2026,Patriot,Patriot League 2026 results.pdf,10,Preliminaries ... (#11 Men 50 Yard Free),men,50 Free,unknown,yes,,finalize+open_event,,men:50 Free,session=prelims
patriot_2026,Patriot,Patriot League 2026 results.pdf,11,#15 Women 100 Yard Fly,women,100 Fly,unknown,yes,,finalize+open_event,,women:100 Fly,session=prelims
patriot_2026,Patriot,Patriot League 2026 results.pdf,11,#15 Women 100 Yard Fly,women,100 Fly,unknown,yes,,finalize+open_event,,women:100 Fly,session=prelims
patriot_2026,Patriot,Patriot League 2026 results.pdf,12,Preliminaries ... (#15 Women 100 Yard Fly),women,100 Fly,unknown,yes,,finalize+open_event,,women:100 Fly,session=prelims
patriot_2026,Patriot,Patriot League 2026 results.pdf,12,#16 Men 100 Yard Fly,men,100 Fly,unknown,yes,,finalize+open_event,,men:100 Fly,session=prelims
patriot_2026,Patriot,Patriot League 2026 results.pdf,12,#16 Men 100 Yard Fly,men,100 Fly,unknown,yes,,finalize+open_event,,men:100 Fly,session=prelims
patriot_2026,Patriot,Patriot League 2026 results.pdf,13,Preliminaries ... (#16 Men 100 Yard Fly),men,100 Fly,unknown,yes,,finalize+open_event,,men:100 Fly,session=prelims
patriot_2026,Patriot,Patriot League 2026 results.pdf,13,#17 Women 400 Yard IM,women,400 IM,unknown,yes,,finalize+open_event,,women:400 IM,session=prelims
patriot_2026,Patriot,Patriot League 2026 results.pdf,13,#17 Women 400 Yard IM,women,400 IM,unknown,yes,,finalize+open_event,,women:400 IM,session=prelims
patriot_2026,Patriot,Patriot League 2026 results.pdf,14,Preliminaries ... (#17 Women 400 Yard IM),women,400 IM,unknown,yes,,finalize+open_event,,women:400 IM,session=prelims
patriot_2026,Patriot,Patriot League 2026 results.pdf,14,#18 Men 400 Yard IM,men,400 IM,unknown,yes,,finalize+open_event,,men:400 IM,session=prelims
patriot_2026,Patriot,Patriot League 2026 results.pdf,15,#18 Men 400 Yard IM,men,400 IM,unknown,yes,,finalize+open_event,,men:400 IM,session=prelims
patriot_2026,Patriot,Patriot League 2026 results.pdf,15,#19 Women 200 Yard Free,women,200 Free,unknown,yes,,finalize+open_event,,women:200 Free,session=prelims
patriot_2026,Patriot,Patriot League 2026 results.pdf,16,C - Final ... (#19 Women 200 Yard Free),women,200 Free,C,yes,,finalize+open_event,,women:200 Free,session=prelims
patriot_2026,Patriot,Patriot League 2026 results.pdf,16,#19 Women 200 Yard Free,women,200 Free,unknown,yes,,finalize+open_event,,women:200 Free,session=prelims
patriot_2026,Patriot,Patriot League 2026 results.pdf,16,#20 Men 200 Yard Free,men,200 Free,unknown,yes,,finalize+open_event,,men:200 Free,session=prelims
patriot_2026,Patriot,Patriot League 2026 results.pdf,16,#20 Men 200 Yard Free,men,200 Free,unknown,yes,,finalize+open_event,,men:200 Free,session=prelims
patriot_2026,Patriot,Patriot League 2026 results.pdf,17,Preliminaries ... (#20 Men 200 Yard Free),men,200 Free,unknown,yes,,finalize+open_event,,men:200 Free,session=prelims
patriot_2026,Patriot,Patriot League 2026 results.pdf,17,#21 Women 100 Yard Breast,women,100 Breast,unknown,yes,,finalize+open_event,,women:100 Breast,session=prelims
patriot_2026,Patriot,Patriot League 2026 results.pdf,17,#21 Women 100 Yard Breast,women,100 Breast,unknown,yes,,finalize+open_event,,women:100 Breast,session=prelims
patriot_2026,Patriot,Patriot League 2026 results.pdf,18,Preliminaries ... (#21 Women 100 Yard Breast),women,100 Breast,unknown,yes,,finalize+open_event,,women:100 Breast,session=prelims
patriot_2026,Patriot,Patriot League 2026 results.pdf,18,#22 Men 100 Yard Breast,men,100 Breast,unknown,yes,,finalize+open_event,,men:100 Breast,session=prelims
patriot_2026,Patriot,Patriot League 2026 results.pdf,18,#22 Men 100 Yard Breast,men,100 Breast,unknown,yes,,finalize+open_event,,men:100 Breast,session=prelims
patriot_2026,Patriot,Patriot League 2026 results.pdf,19,Preliminaries ... (#22 Men 100 Yard Breast),men,100 Breast,unknown,yes,,finalize+open_event,,men:100 Breast,session=prelims
patriot_2026,Patriot,Patriot League 2026 results.pdf,19,#23 Women 100 Yard Back,women,100 Back,unknown,yes,,finalize+open_event,,women:100 Back,session=prelims
patriot_2026,Patriot,Patriot League 2026 results.pdf,19,#23 Women 100 Yard Back,women,100 Back,unknown,yes,,finalize+open_event,,women:100 Back,session=prelims
patriot_2026,Patriot,Patriot League 2026 results.pdf,19,#24 Men 100 Yard Back,men,100 Back,unknown,yes,,finalize+open_event,,men:100 Back,session=prelims
patriot_2026,Patriot,Patriot League 2026 results.pdf,20,A - Final ... (#24 Men 100 Yard Back),men,100 Back,A,yes,,finalize+open_event,,men:100 Back,session=prelims
patriot_2026,Patriot,Patriot League 2026 results.pdf,20,#24 Men 100 Yard Back,men,100 Back,unknown,yes,,finalize+open_event,,men:100 Back,session=prelims
patriot_2026,Patriot,Patriot League 2026 results.pdf,21,#28 Women 1650 Yard Free,women,1650 Free,unknown,yes,,finalize+open_event,,women:1650 Free,session=prelims
patriot_2026,Patriot,Patriot League 2026 results.pdf,22,(#28 Women 1650 Yard Free),women,1650 Free,unknown,yes,,finalize+open_event,,women:1650 Free,session=prelims
patriot_2026,Patriot,Patriot League 2026 results.pdf,23,(#28 Women 1650 Yard Free),women,1650 Free,unknown,yes,,finalize+open_event,,women:1650 Free,session=prelims
patriot_2026,Patriot,Patriot League 2026 results.pdf,23,#29 Men 1650 Yard Free,men,1650 Free,unknown,yes,,finalize+open_event,,men:1650 Free,session=prelims
patriot_2026,Patriot,Patriot League 2026 results.pdf,24,(#29 Men 1650 Yard Free),men,1650 Free,unknown,yes,,finalize+open_event,,men:1650 Free,session=prelims
patriot_2026,Patriot,Patriot League 2026 results.pdf,25,(#29 Men 1650 Yard Free),men,1650 Free,unknown,yes,,finalize+open_event,,men:1650 Free,session=prelims
patriot_2026,Patriot,Patriot League 2026 results.pdf,25,#30 Women 200 Yard Back,women,200 Back,unknown,yes,,finalize+open_event,,women:200 Back,session=prelims
patriot_2026,Patriot,Patriot League 2026 results.pdf,25,#30 Women 200 Yard Back,women,200 Back,unknown,yes,,finalize+open_event,,women:200 Back,session=prelims
patriot_2026,Patriot,Patriot League 2026 results.pdf,25,#31 Men 200 Yard Back,men,200 Back,unknown,yes,,finalize+open_event,,men:200 Back,session=prelims
patriot_2026,Patriot,Patriot League 2026 results.pdf,26,A - Final ... (#31 Men 200 Yard Back),men,200 Back,A,yes,,finalize+open_event,,men:200 Back,session=prelims
patriot_2026,Patriot,Patriot League 2026 results.pdf,26,#31 Men 200 Yard Back,men,200 Back,unknown,yes,,finalize+open_event,,men:200 Back,session=prelims
patriot_2026,Patriot,Patriot League 2026 results.pdf,26,#32 Women 100 Yard Free,women,100 Free,unknown,yes,,finalize+open_event,,women:100 Free,session=prelims
patriot_2026,Patriot,Patriot League 2026 results.pdf,27,C - Final ... (#32 Women 100 Yard Free),women,100 Free,C,yes,,finalize+open_event,,women:100 Free,session=prelims
patriot_2026,Patriot,Patriot League 2026 results.pdf,27,#32 Women 100 Yard Free,women,100 Free,unknown,yes,,finalize+open_event,,women:100 Free,session=prelims
patriot_2026,Patriot,Patriot League 2026 results.pdf,27,#33 Men 100 Yard Free,men,100 Free,unknown,yes,,finalize+open_event,,men:100 Free,session=prelims
patriot_2026,Patriot,Patriot League 2026 results.pdf,27,#33 Men 100 Yard Free,men,100 Free,unknown,yes,,finalize+open_event,,men:100 Free,session=prelims
patriot_2026,Patriot,Patriot League 2026 results.pdf,28,Preliminaries ... (#33 Men 100 Yard Free),men,100 Free,unknown,yes,,finalize+open_event,,men:100 Free,session=prelims
patriot_2026,Patriot,Patriot League 2026 results.pdf,28,#34 Women 200 Yard Breast,women,200 Breast,unknown,yes,,finalize+open_event,,women:200 Breast,session=prelims
patriot_2026,Patriot,Patriot League 2026 results.pdf,28,#34 Women 200 Yard Breast,women,200 Breast,unknown,yes,,finalize+open_event,,women:200 Breast,session=prelims
patriot_2026,Patriot,Patriot League 2026 results.pdf,29,Preliminaries ... (#34 Women 200 Yard Breast),women,200 Breast,unknown,yes,,finalize+open_event,,women:200 Breast,session=prelims
patriot_2026,Patriot,Patriot League 2026 results.pdf,29,#35 Men 200 Yard Breast,men,200 Breast,unknown,yes,,finalize+open_event,,men:200 Breast,session=prelims
patriot_2026,Patriot,Patriot League 2026 results.pdf,29,#35 Men 200 Yard Breast,men,200 Breast,unknown,yes,,finalize+open_event,,men:200 Breast,session=prelims
patriot_2026,Patriot,Patriot League 2026 results.pdf,30,Preliminaries ... (#35 Men 200 Yard Breast),men,200 Breast,unknown,yes,,finalize+open_event,,men:200 Breast,session=prelims
patriot_2026,Patriot,Patriot League 2026 results.pdf,30,#36 Women 200 Yard Fly,women,200 Fly,unknown,yes,,finalize+open_event,,women:200 Fly,session=prelims
patriot_2026,Patriot,Patriot League 2026 results.pdf,30,#36 Women 200 Yard Fly,women,200 Fly,unknown,yes,,finalize+open_event,,women:200 Fly,session=prelims
patriot_2026,Patriot,Patriot League 2026 results.pdf,30,#37 Men 200 Yard Fly,men,200 Fly,unknown,yes,,finalize+open_event,,men:200 Fly,session=prelims
patriot_2026,Patriot,Patriot League 2026 results.pdf,31,A - Final ... (#37 Men 200 Yard Fly),men,200 Fly,A,yes,,finalize+open_event,,men:200 Fly,session=prelims
patriot_2026,Patriot,Patriot League 2026 results.pdf,31,#37 Men 200 Yard Fly,men,200 Fly,unknown,yes,,finalize+open_event,,men:200 Fly,session=prelims
patriot_2026,Patriot,Patriot League 2026 results.pdf,33,#110 Women 50 Yard Free Swim-off,women,50 Free,unknown,yes,,finalize+open_event,,women:50 Free,session=prelims
patriot_2026,Patriot,Patriot League 2026 results.pdf,33,#122 Men 100 Yard Breast Swim-off,men,100 Breast,unknown,yes,,finalize+open_event,,men:100 Breast,session=prelims
patriot_2026,Patriot,Patriot League 2026 results.pdf,33,#123 Women 100 Yard Back Swim-off,women,100 Back,unknown,yes,,finalize+open_event,,women:100 Back,session=prelims
patriot_2026,Patriot,Patriot League 2026 results.pdf,33,#201 Women 500 Yard Free Time Trial,women,500 Free,unknown,yes,,finalize+open_event,,women:500 Free,session=prelims
patriot_2026,Patriot,Patriot League 2026 results.pdf,33,#202 Women 50 Yard Free Time Trial,women,50 Free,unknown,yes,,finalize+open_event,,women:50 Free,session=prelims
patriot_2026,Patriot,Patriot League 2026 results.pdf,33,#203 Women 100 Yard Fly Time Trial,women,100 Fly,unknown,yes,,finalize+open_event,,women:100 Fly,session=prelims
patriot_2026,Patriot,Patriot League 2026 results.pdf,33,#204 Women 100 Yard Back Time Trial,women,100 Back,unknown,yes,,finalize+open_event,,women:100 Back,session=prelims
patriot_2026,Patriot,Patriot League 2026 results.pdf,33,#205 Men 200 Yard Back Time Trial,men,200 Back,unknown,yes,,finalize+open_event,,men:200 Back,session=prelims
patriot_2026,Patriot,Patriot League 2026 results.pdf,33,#206 Men 100 Yard Free Time Trial,men,100 Free,unknown,yes,,finalize+open_event,,men:100 Free,session=prelims
patriot_2026,Patriot,Patriot League 2026 results.pdf,33,#301 Men 100 Yard Fly Time Trial,men,100 Fly,unknown,yes,,finalize+open_event,,men:100 Fly,session=prelims
patriot_2026,Patriot,Patriot League 2026 results.pdf,33,#302 Women 50 Yard Free Time Trial,women,50 Free,unknown,yes,,finalize+open_event,,women:50 Free,session=prelims
patriot_2026,Patriot,Patriot League 2026 results.pdf,33,#303 Men 50 Yard Free Time Trial,men,50 Free,unknown,yes,,finalize+open_event,,men:50 Free,session=prelims
patriot_2026,Patriot,Patriot League 2026 results.pdf,33,#401 Men 50 Yard Free Time Trial,men,50 Free,unknown,yes,,finalize+open_event,,men:50 Free,session=prelims
patriot_2026,Patriot,Patriot League 2026 results.pdf,33,#402 Women 100 Yard Free Time Trial,women,100 Free,unknown,yes,,finalize+open_event,,women:100 Free,session=prelims
