Source_File,Bundle_ID,Conference,Year,Gender,Event,Issue
2026 Ivy Mens Conf.pdf,ivyleague_2026,Ivy League,2026,men,50 Free,time_suffix_handled: *
2026 Ivy Mens Conf.pdf,ivyleague_2026,Ivy League,2026,men,50 Free,time_suffix_handled: q
2026 Ivy Mens Conf.pdf,ivyleague_2026,Ivy League,2026,men,50 Free,time_suffix_handled: q
2026 Ivy Mens Conf.pdf,ivyleague_2026,Ivy League,2026,men,100 Free,time_suffix_handled: *
2026 Ivy Mens Conf.pdf,ivyleague_2026,Ivy League,2026,men,100 Free,time_suffix_handled: * q
2026 Ivy Mens Conf.pdf,ivyleague_2026,Ivy League,2026,men,100 Free,time_suffix_handled: q
2026 Ivy Mens Conf.pdf,ivyleague_2026,Ivy League,2026,men,100 Free,time_suffix_handled: q
2026 Ivy Mens Conf.pdf,ivyleague_2026,Ivy League,2026,men,100 Free,time_suffix_handled: q
2026 Ivy Mens Conf.pdf,ivyleague_2026,Ivy League,2026,men,100 Free,time_suffix_handled: q
2026 Ivy Mens Conf.pdf,ivyleague_2026,Ivy League,2026,men,100 Free,time_suffix_handled: q
2026 Ivy Mens Conf.pdf,ivyleague_2026,Ivy League,2026,men,200 Free,time_suffix_handled: q
2026 Ivy Mens Conf.pdf,ivyleague_2026,Ivy League,2026,men,200 Free,time_suffix_handled: q
2026 Ivy Mens Conf.pdf,ivyleague_2026,Ivy League,2026,men,200 Free,time_suffix_handled: q
2026 Ivy Mens Conf.pdf,ivyleague_2026,Ivy League,2026,men,500 Free,time_suffix_handled: q
2026 Ivy Mens Conf.pdf,ivyleague_2026,Ivy League,2026,men,500 Free,time_suffix_handled: q
2026 Ivy Mens Conf.pdf,ivyleague_2026,Ivy League,2026,men,500 Free,time_suffix_handled: q
2026 Ivy Mens Conf.pdf,ivyleague_2026,Ivy League,2026,men,500 Free,time_suffix_handled: q
2026 Ivy Mens Conf.pdf,ivyleague_2026,Ivy League,2026,men,500 Free,time_suffix_handled: q
2026 Ivy Mens Conf.pdf,ivyleague_2026,Ivy League,2026,men,500 Free,time_suffix_handled: q
2026 Ivy Mens Conf.pdf,ivyleague_2026,Ivy League,2026,men,500 Free,time_suffix_handled: q
2026 Ivy Mens Conf.pdf,ivyleague_2026,Ivy League,2026,men,500 Free,time_suffix_handled: q
2026 Ivy Mens Conf.pdf,ivyleague_2026,Ivy League,2026,men,500 Free,time_suffix_handled: q
2026 Ivy Mens Conf.pdf,ivyleague_2026,Ivy League,2026,men,500 Free,time_suffix_handled: q
2026 Ivy Mens Conf.pdf,ivyleague_2026,Ivy League,2026,men,500 Free,time_suffix_handled: q
2026 Ivy Mens Conf.pdf,ivyleague_2026,Ivy League,2026,men,500 Free,time_suffix_handled: q
2026 Ivy Mens Conf.pdf,ivyleague_2026,Ivy League,2026,men,500 Free,time_suffix_handled: q
2026 Ivy Mens Conf.pdf,ivyleague_2026,Ivy League,2026,men,500 Free,time_suffix_handled: q
2026 Ivy Mens Conf.pdf,ivyleague_2026,Ivy League,2026,men,100 Back,time_suffix_handled: q
2026 Ivy Mens Conf.pdf,ivyleague_2026,Ivy League,2026,men,100 Back,time_suffix_handled: q
2026 Ivy Mens Conf.pdf,ivyleague_2026,Ivy League,2026,men,200 Back,time_suffix_handled: q
2026 Ivy Mens Conf.pdf,ivyleague_2026,Ivy League,2026,men,100 Breast,time_suffix_handled: q
2026 Ivy Mens Conf.pdf,ivyleague_2026,Ivy League,2026,men,100 Breast,time_suffix_handled: q
2026 Ivy Mens Conf.pdf,ivyleague_2026,Ivy League,2026,men,100 Breast,time_suffix_handled: q
2026 Ivy Mens Conf.pdf,ivyleague_2026,Ivy League,2026,men,100 Breast,time_suffix_handled: q
2026 Ivy Mens Conf.pdf,ivyleague_2026,Ivy League,2026,men,100 Breast,time_suffix_handled: q
2026 Ivy Mens Conf.pdf,ivyleague_2026,Ivy League,2026,men,100 Breast,time_suffix_handled: q
2026 Ivy Mens Conf.pdf,ivyleague_2026,Ivy League,2026,men,100 Breast,time_suffix_handled: q
2026 Ivy Mens Conf.pdf,ivyleague_2026,Ivy League,2026,men,200 Breast,time_suffix_handled: q
2026 Ivy Mens Conf.pdf,ivyleague_2026,Ivy League,2026,men,200 Breast,time_suffix_handled: q
2026 Ivy Mens Conf.pdf,ivyleague_2026,Ivy League,2026,men,200 Breast,time_suffix_handled: q
2026 Ivy Mens Conf.pdf,ivyleague_2026,Ivy League,2026,men,100 Fly,time_suffix_handled: *
2026 Ivy Mens Conf.pdf,ivyleague_2026,Ivy League,2026,men,100 Fly,time_suffix_handled: q
2026 Ivy Mens Conf.pdf,ivyleague_2026,Ivy League,2026,men,100 Fly,time_suffix_handled: q
2026 Ivy Mens Conf.pdf,ivyleague_2026,Ivy League,2026,men,100 Fly,time_suffix_handled: q
2026 Ivy Mens Conf.pdf,ivyleague_2026,Ivy League,2026,men,100 Fly,time_suffix_handled: q
2026 Ivy Mens Conf.pdf,ivyleague_2026,Ivy League,2026,men,200 Fly,time_suffix_handled: *
2026 Ivy Mens Conf.pdf,ivyleague_2026,Ivy League,2026,men,200 IM,time_suffix_handled: *
2026 Ivy Mens Conf.pdf,ivyleague_2026,Ivy League,2026,men,200 IM,time_suffix_handled: q
2026 Ivy Mens Conf.pdf,ivyleague_2026,Ivy League,2026,men,200 IM,time_suffix_handled: q
2026 Ivy Mens Conf.pdf,ivyleague_2026,Ivy League,2026,men,200 IM,time_suffix_handled: q
2026 Ivy Mens Conf.pdf,ivyleague_2026,Ivy League,2026,men,200 IM,time_suffix_handled: q
2026 Ivy Mens Conf.pdf,ivyleague_2026,Ivy League,2026,men,200 IM,time_suffix_handled: q
2026 Ivy Mens Conf.pdf,ivyleague_2026,Ivy League,2026,men,200 IM,time_suffix_handled: q
2026 Ivy Mens Conf.pdf,ivyleague_2026,Ivy League,2026,men,400 IM,time_suffix_handled: q
2026 Ivy Mens Conf.pdf,ivyleague_2026,Ivy League,2026,men,400 IM,time_suffix_handled: q
2026 Ivy Mens Conf.pdf,ivyleague_2026,Ivy League,2026,men,400 IM,time_suffix_handled: q
2026 Ivy Mens Conf.pdf,ivyleague_2026,Ivy League,2026,men,400 IM,time_suffix_handled: q
2026 Ivy Mens Conf.pdf,ivyleague_2026,Ivy League,2026,men,400 IM,time_suffix_handled: q
2026 Ivy Mens Conf.pdf,ivyleague_2026,Ivy League,2026,men,400 IM,time_suffix_handled: q
2026 Ivy Mens Conf.pdf,ivyleague_2026,Ivy League,2026,men,400 IM,time_suffix_handled: q
2026 Ivy Mens Conf.pdf,ivyleague_2026,Ivy League,2026,men,400 IM,time_suffix_handled: q
2026 Ivy Mens Conf.pdf,ivyleague_2026,Ivy League,2026,men,400 IM,time_suffix_handled: q
2026 Ivy Mens Conf.pdf,ivyleague_2026,Ivy League,2026,men,400 IM,time_suffix_handled: q
2026 Ivy Mens Conf.pdf,ivyleague_2026,Ivy League,2026,men,400 IM,time_suffix_handled: q
2026 Ivy Mens Conf.pdf,ivyleague_2026,Ivy League,2026,men,400 IM,time_suffix_handled: q
2026 Ivy Mens Conf.pdf,ivyleague_2026,Ivy League,2026,men,400 IM,time_suffix_handled: q
2026 Ivy Womens Conf.pdf,ivyleague_2026,Ivy League,2026,,,Multi-column layout detected (multi_column_2): 1 page(s) reordered column-by-column
2026 Ivy Womens Conf.pdf,ivyleague_2026,Ivy League,2026,women,,Women-only file — men's anchors skipped; extracting women's events
2026 Ivy Womens Conf.pdf,ivyleague_2026,Ivy League,2026,women,500 Free,time_suffix_handled: q
2026 Ivy Womens Conf.pdf,ivyleague_2026,Ivy League,2026,women,500 Free,time_suffix_handled: q
2026 Ivy Womens Conf.pdf,ivyleague_2026,Ivy League,2026,women,500 Free,time_suffix_handled: q
2026 Ivy Womens Conf.pdf,ivyleague_2026,Ivy League,2026,women,500 Free,time_suffix_handled: q
2026 Ivy Womens Conf.pdf,ivyleague_2026,Ivy League,2026,women,500 Free,time_suffix_handled: q
2026 Ivy Womens Conf.pdf,ivyleague_2026,Ivy League,2026,women,500 Free,time_suffix_handled: q
2026 Ivy Womens Conf.pdf,ivyleague_2026,Ivy League,2026,women,500 Free,time_suffix_handled: q
2026 Ivy Womens Conf.pdf,ivyleague_2026,Ivy League,2026,women,500 Free,time_suffix_handled: q #4 Women 200 Yard IM
2026 Ivy Womens Conf.pdf,ivyleague_2026,Ivy League,2026,women,500 Free,time_suffix_handled: ! 2026 Eleanor Sun
2026 Ivy Womens Conf.pdf,ivyleague_2026,Ivy League,2026,women,500 Free,time_suffix_handled: q Name Y r Team Finals Time
2026 Ivy Womens Conf.pdf,ivyleague_2026,Ivy League,2026,women,50 Free,time_suffix_handled: q
2026 Ivy Womens Conf.pdf,ivyleague_2026,Ivy League,2026,women,50 Free,time_suffix_handled: q
2026 Ivy Womens Conf.pdf,ivyleague_2026,Ivy League,2026,women,50 Free,time_suffix_handled: STAN Standard
2026 Ivy Womens Conf.pdf,ivyleague_2026,Ivy League,2026,women,50 Free,time_suffix_handled: q
2026 Ivy Womens Conf.pdf,ivyleague_2026,Ivy League,2026,women,50 Free,time_suffix_handled: q
2026 Ivy Womens Conf.pdf,ivyleague_2026,Ivy League,2026,women,50 Free,time_suffix_handled: ! 2026 Sabrina Johnston
2026 Ivy Womens Conf.pdf,ivyleague_2026,Ivy League,2026,women,50 Free,time_suffix_handled: q
2026 Ivy Womens Conf.pdf,ivyleague_2026,Ivy League,2026,women,50 Free,time_suffix_handled: q
2026 Ivy Womens Conf.pdf,ivyleague_2026,Ivy League,2026,women,50 Free,time_suffix_handled: q
2026 Ivy Womens Conf.pdf,ivyleague_2026,Ivy League,2026,women,50 Free,time_suffix_handled: q
2026 Ivy Womens Conf.pdf,ivyleague_2026,Ivy League,2026,women,50 Free,time_suffix_handled: q
2026 Ivy Womens Conf.pdf,ivyleague_2026,Ivy League,2026,women,50 Free,time_suffix_handled: q
2026 Ivy Womens Conf.pdf,ivyleague_2026,Ivy League,2026,women,50 Free,time_suffix_handled: q
2026 Ivy Womens Conf.pdf,ivyleague_2026,Ivy League,2026,women,50 Free,time_suffix_handled: q
2026 Ivy Womens Conf.pdf,ivyleague_2026,Ivy League,2026,women,50 Free,time_suffix_handled: q
2026 Ivy Womens Conf.pdf,ivyleague_2026,Ivy League,2026,women,50 Free,time_suffix_handled: q
2026 Ivy Womens Conf.pdf,ivyleague_2026,Ivy League,2026,women,50 Free,time_suffix_handled: q
2026 Ivy Womens Conf.pdf,ivyleague_2026,Ivy League,2026,women,50 Free,time_suffix_handled: q
2026 Ivy Womens Conf.pdf,ivyleague_2026,Ivy League,2026,women,50 Free,time_suffix_handled: q
2026 Ivy Womens Conf.pdf,ivyleague_2026,Ivy League,2026,women,50 Free,time_suffix_handled: q
2026 Ivy Womens Conf.pdf,ivyleague_2026,Ivy League,2026,women,50 Free,time_suffix_handled: q
2026 Ivy Womens Conf.pdf,ivyleague_2026,Ivy League,2026,women,50 Free,time_suffix_handled: q
2026 Ivy Womens Conf.pdf,ivyleague_2026,Ivy League,2026,women,50 Free,time_suffix_handled: q
2026 Ivy Womens Conf.pdf,ivyleague_2026,Ivy League,2026,women,50 Free,time_suffix_handled: q
2026 Ivy Womens Conf.pdf,ivyleague_2026,Ivy League,2026,women,50 Free,time_suffix_handled: q
2026 Ivy Womens Conf.pdf,ivyleague_2026,Ivy League,2026,women,50 Free,time_suffix_handled: q
2026 Ivy Womens Conf.pdf,ivyleague_2026,Ivy League,2026,women,50 Free,time_suffix_handled: q
2026 Ivy Womens Conf.pdf,ivyleague_2026,Ivy League,2026,women,50 Free,time_suffix_handled: q
2026 Ivy Womens Conf.pdf,ivyleague_2026,Ivy League,2026,women,50 Free,time_suffix_handled: q
2026 Ivy Womens Conf.pdf,ivyleague_2026,Ivy League,2026,women,50 Free,time_suffix_handled: q
2026 Ivy Womens Conf.pdf,ivyleague_2026,Ivy League,2026,women,100 Fly,time_suffix_handled: STAN Standard
2026 Ivy Womens Conf.pdf,ivyleague_2026,Ivy League,2026,women,100 Fly,time_suffix_handled: q
2026 Ivy Womens Conf.pdf,ivyleague_2026,Ivy League,2026,women,100 Fly,time_suffix_handled: q
2026 Ivy Womens Conf.pdf,ivyleague_2026,Ivy League,2026,women,100 Fly,time_suffix_handled: q
2026 Ivy Womens Conf.pdf,ivyleague_2026,Ivy League,2026,women,100 Fly,time_suffix_handled: q
2026 Ivy Womens Conf.pdf,ivyleague_2026,Ivy League,2026,women,100 Fly,time_suffix_handled: q
2026 Ivy Womens Conf.pdf,ivyleague_2026,Ivy League,2026,women,100 Fly,time_suffix_handled: q
2026 Ivy Womens Conf.pdf,ivyleague_2026,Ivy League,2026,women,100 Fly,time_suffix_handled: q
2026 Ivy Womens Conf.pdf,ivyleague_2026,Ivy League,2026,women,100 Fly,time_suffix_handled: q
2026 Ivy Womens Conf.pdf,ivyleague_2026,Ivy League,2026,women,100 Fly,time_suffix_handled: q
2026 Ivy Womens Conf.pdf,ivyleague_2026,Ivy League,2026,women,100 Fly,time_suffix_handled: q
2026 Ivy Womens Conf.pdf,ivyleague_2026,Ivy League,2026,women,100 Fly,time_suffix_handled: q
2026 Ivy Womens Conf.pdf,ivyleague_2026,Ivy League,2026,women,100 Fly,time_suffix_handled: q
2026 Ivy Womens Conf.pdf,ivyleague_2026,Ivy League,2026,women,100 Fly,time_suffix_handled: q
2026 Ivy Womens Conf.pdf,ivyleague_2026,Ivy League,2026,women,100 Fly,time_suffix_handled: q
2026 Ivy Womens Conf.pdf,ivyleague_2026,Ivy League,2026,women,100 Fly,time_suffix_handled: q
2026 Ivy Womens Conf.pdf,ivyleague_2026,Ivy League,2026,women,100 Fly,time_suffix_handled: q
2026 Ivy Womens Conf.pdf,ivyleague_2026,Ivy League,2026,women,100 Fly,time_suffix_handled: q
2026 Ivy Womens Conf.pdf,ivyleague_2026,Ivy League,2026,women,100 Fly,time_suffix_handled: q
2026 Ivy Womens Conf.pdf,ivyleague_2026,Ivy League,2026,women,100 Fly,time_suffix_handled: q
2026 Ivy Womens Conf.pdf,ivyleague_2026,Ivy League,2026,women,400 IM,time_suffix_handled: q
2026 Ivy Womens Conf.pdf,ivyleague_2026,Ivy League,2026,women,400 IM,time_suffix_handled: q
2026 Ivy Womens Conf.pdf,ivyleague_2026,Ivy League,2026,women,400 IM,time_suffix_handled: q
2026 Ivy Womens Conf.pdf,ivyleague_2026,Ivy League,2026,women,400 IM,time_suffix_handled: q
2026 Ivy Womens Conf.pdf,ivyleague_2026,Ivy League,2026,women,400 IM,time_suffix_handled: q
2026 Ivy Womens Conf.pdf,ivyleague_2026,Ivy League,2026,women,400 IM,time_suffix_handled: q
2026 Ivy Womens Conf.pdf,ivyleague_2026,Ivy League,2026,women,400 IM,time_suffix_handled: ! 2026 Eleanor Sun
2026 Ivy Womens Conf.pdf,ivyleague_2026,Ivy League,2026,women,400 IM,time_suffix_handled: q Name Y r Team Prelim Time
2026 Ivy Womens Conf.pdf,ivyleague_2026,Ivy League,2026,women,400 IM,time_suffix_handled: q
2026 Ivy Womens Conf.pdf,ivyleague_2026,Ivy League,2026,women,200 Free,time_suffix_handled: q
2026 Ivy Womens Conf.pdf,ivyleague_2026,Ivy League,2026,women,200 Free,time_suffix_handled: q
2026 Ivy Womens Conf.pdf,ivyleague_2026,Ivy League,2026,women,200 Free,time_suffix_handled: q
2026 Ivy Womens Conf.pdf,ivyleague_2026,Ivy League,2026,women,200 Free,time_suffix_handled: q
2026 Ivy Womens Conf.pdf,ivyleague_2026,Ivy League,2026,women,200 Free,time_suffix_handled: ! 2020 Miki Dahlke
2026 Ivy Womens Conf.pdf,ivyleague_2026,Ivy League,2026,women,200 Free,time_suffix_handled: q
2026 Ivy Womens Conf.pdf,ivyleague_2026,Ivy League,2026,women,200 Free,time_suffix_handled: q
2026 Ivy Womens Conf.pdf,ivyleague_2026,Ivy League,2026,women,200 Free,time_suffix_handled: q
2026 Ivy Womens Conf.pdf,ivyleague_2026,Ivy League,2026,women,200 Free,time_suffix_handled: q
2026 Ivy Womens Conf.pdf,ivyleague_2026,Ivy League,2026,women,200 Free,time_suffix_handled: q
2026 Ivy Womens Conf.pdf,ivyleague_2026,Ivy League,2026,women,200 Free,time_suffix_handled: q
2026 Ivy Womens Conf.pdf,ivyleague_2026,Ivy League,2026,women,200 Free,time_suffix_handled: q
2026 Ivy Womens Conf.pdf,ivyleague_2026,Ivy League,2026,women,200 Free,time_suffix_handled: q
2026 Ivy Womens Conf.pdf,ivyleague_2026,Ivy League,2026,women,200 Free,time_suffix_handled: q
2026 Ivy Womens Conf.pdf,ivyleague_2026,Ivy League,2026,women,100 Breast,time_suffix_handled: q
2026 Ivy Womens Conf.pdf,ivyleague_2026,Ivy League,2026,women,100 Breast,time_suffix_handled: q Name Y r Team Finals Time
2026 Ivy Womens Conf.pdf,ivyleague_2026,Ivy League,2026,women,100 Breast,time_suffix_handled: q
2026 Ivy Womens Conf.pdf,ivyleague_2026,Ivy League,2026,women,100 Breast,time_suffix_handled: q
2026 Ivy Womens Conf.pdf,ivyleague_2026,Ivy League,2026,women,100 Breast,time_suffix_handled: ! 2020 Jaycee Yegher
2026 Ivy Womens Conf.pdf,ivyleague_2026,Ivy League,2026,women,100 Breast,time_suffix_handled: q #12 Women 100 Yard Back
2026 Ivy Womens Conf.pdf,ivyleague_2026,Ivy League,2026,women,100 Breast,time_suffix_handled: ! 2026 Anya Mostek
2026 Ivy Womens Conf.pdf,ivyleague_2026,Ivy League,2026,women,100 Breast,time_suffix_handled: q
2026 Ivy Womens Conf.pdf,ivyleague_2026,Ivy League,2026,women,100 Breast,time_suffix_handled: q
2026 Ivy Womens Conf.pdf,ivyleague_2026,Ivy League,2026,women,100 Breast,time_suffix_handled: q
2026 Ivy Womens Conf.pdf,ivyleague_2026,Ivy League,2026,women,100 Breast,time_suffix_handled: q
2026 Ivy Womens Conf.pdf,ivyleague_2026,Ivy League,2026,women,100 Breast,time_suffix_handled: q
2026 Ivy Womens Conf.pdf,ivyleague_2026,Ivy League,2026,women,100 Breast,time_suffix_handled: q
2026 Ivy Womens Conf.pdf,ivyleague_2026,Ivy League,2026,women,100 Breast,time_suffix_handled: q
2026 Ivy Womens Conf.pdf,ivyleague_2026,Ivy League,2026,women,100 Back,time_suffix_handled: q
2026 Ivy Womens Conf.pdf,ivyleague_2026,Ivy League,2026,women,100 Back,time_suffix_handled: q
2026 Ivy Womens Conf.pdf,ivyleague_2026,Ivy League,2026,women,100 Back,time_suffix_handled: q
2026 Ivy Womens Conf.pdf,ivyleague_2026,Ivy League,2026,women,100 Back,time_suffix_handled: q
2026 Ivy Womens Conf.pdf,ivyleague_2026,Ivy League,2026,women,100 Back,time_suffix_handled: q
2026 Ivy Womens Conf.pdf,ivyleague_2026,Ivy League,2026,women,100 Back,time_suffix_handled: q
2026 Ivy Womens Conf.pdf,ivyleague_2026,Ivy League,2026,women,100 Back,time_suffix_handled: q
2026 Ivy Womens Conf.pdf,ivyleague_2026,Ivy League,2026,women,1650 Free,time_suffix_handled: STAN Standard
2026 Ivy Womens Conf.pdf,ivyleague_2026,Ivy League,2026,women,1650 Free,time_suffix_handled: q
2026 Ivy Womens Conf.pdf,ivyleague_2026,Ivy League,2026,women,1650 Free,time_suffix_handled: q
2026 Ivy Womens Conf.pdf,ivyleague_2026,Ivy League,2026,women,1650 Free,time_suffix_handled: q
2026 Ivy Womens Conf.pdf,ivyleague_2026,Ivy League,2026,women,1650 Free,time_suffix_handled: q
2026 Ivy Womens Conf.pdf,ivyleague_2026,Ivy League,2026,women,200 Back,time_suffix_handled: q
2026 Ivy Womens Conf.pdf,ivyleague_2026,Ivy League,2026,women,200 Back,time_suffix_handled: q
2026 Ivy Womens Conf.pdf,ivyleague_2026,Ivy League,2026,women,200 Back,time_suffix_handled: q
2026 Ivy Womens Conf.pdf,ivyleague_2026,Ivy League,2026,women,200 Back,time_suffix_handled: q
2026 Ivy Womens Conf.pdf,ivyleague_2026,Ivy League,2026,women,200 Back,time_suffix_handled: ! 2020 Felicia Pasadyn
2026 Ivy Womens Conf.pdf,ivyleague_2026,Ivy League,2026,women,200 Back,time_suffix_handled: q
2026 Ivy Womens Conf.pdf,ivyleague_2026,Ivy League,2026,women,200 Back,time_suffix_handled: q
2026 Ivy Womens Conf.pdf,ivyleague_2026,Ivy League,2026,women,100 Free,time_suffix_handled: q
2026 Ivy Womens Conf.pdf,ivyleague_2026,Ivy League,2026,women,100 Free,time_suffix_handled: STAN Standard
2026 Ivy Womens Conf.pdf,ivyleague_2026,Ivy League,2026,women,100 Free,time_suffix_handled: q
2026 Ivy Womens Conf.pdf,ivyleague_2026,Ivy League,2026,women,100 Free,time_suffix_handled: ! 2024 Sabrina Johnston
2026 Ivy Womens Conf.pdf,ivyleague_2026,Ivy League,2026,women,100 Free,time_suffix_handled: q
2026 Ivy Womens Conf.pdf,ivyleague_2026,Ivy League,2026,women,100 Free,time_suffix_handled: q
2026 Ivy Womens Conf.pdf,ivyleague_2026,Ivy League,2026,women,100 Free,time_suffix_handled: q
2026 Ivy Womens Conf.pdf,ivyleague_2026,Ivy League,2026,women,100 Free,time_suffix_handled: q
2026 Ivy Womens Conf.pdf,ivyleague_2026,Ivy League,2026,women,100 Free,time_suffix_handled: q
2026 Ivy Womens Conf.pdf,ivyleague_2026,Ivy League,2026,women,100 Free,time_suffix_handled: q
2026 Ivy Womens Conf.pdf,ivyleague_2026,Ivy League,2026,women,100 Free,time_suffix_handled: q
2026 Ivy Womens Conf.pdf,ivyleague_2026,Ivy League,2026,women,200 Breast,time_suffix_handled: @ 2020 Jaycee Yegher
2026 Ivy Womens Conf.pdf,ivyleague_2026,Ivy League,2026,women,200 Breast,time_suffix_handled: STAN Standard
2026 Ivy Womens Conf.pdf,ivyleague_2026,Ivy League,2026,women,200 Breast,time_suffix_handled: ! 2024 Hedi Smithwick
2026 Ivy Womens Conf.pdf,ivyleague_2026,Ivy League,2026,women,200 Fly,time_suffix_handled: q
2026 Ivy Womens Conf.pdf,ivyleague_2026,Ivy League,2026,women,200 Fly,time_suffix_handled: q #19 Women 3 mtr Diving
2026 Ivy Womens Conf.pdf,ivyleague_2026,Ivy League,2026,women,200 Fly,time_suffix_handled: ! 2017 Lilybet MacRae
2026 Ivy Womens Conf.pdf,ivyleague_2026,Ivy League,2026,women,200 Fly,time_suffix_handled: q
2026 Ivy Womens Conf.pdf,ivyleague_2026,Ivy League,2026,women,200 Fly,time_suffix_handled: q
2026 Ivy Womens Conf.pdf,ivyleague_2026,Ivy League,2026,women,200 Fly,time_suffix_handled: q
2026 Ivy Womens Conf.pdf,ivyleague_2026,Ivy League,2026,women,200 Fly,time_suffix_handled: q
2026 Ivy Womens Conf.pdf,ivyleague_2026,Ivy League,2026,women,200 Fly,time_suffix_handled: q
2026 Ivy Womens Conf.pdf,ivyleague_2026,Ivy League,2026,women,200 Fly,time_suffix_handled: q
2026 Ivy Womens Conf.pdf,ivyleague_2026,Ivy League,2026,women,200 Fly,time_suffix_handled: q
2026 Ivy Womens Conf.pdf,ivyleague_2026,Ivy League,2026,women,200 Fly,time_suffix_handled: q
2026 Ivy Womens Conf.pdf,ivyleague_2026,Ivy League,2026,women,200 Fly,time_suffix_handled: q
2026 Ivy Womens Conf.pdf,ivyleague_2026,Ivy League,2026,women,200 Fly,time_suffix_handled: q
2026 Ivy Womens Conf.pdf,ivyleague_2026,Ivy League,2026,women,200 Fly,time_suffix_handled: q
2026 Ivy Womens Conf.pdf,ivyleague_2026,Ivy League,2026,women,200 Fly,time_suffix_handled: q
2026 Ivy Womens Conf.pdf,ivyleague_2026,Ivy League,2026,women,200 Fly,time_suffix_handled: q
2026 Ivy Womens Conf.pdf,ivyleague_2026,Ivy League,2026,women,200 Fly,time_suffix_handled: q
2026 Ivy Womens Conf.pdf,ivyleague_2026,Ivy League,2026,women,200 Fly,time_suffix_handled: q
2026 Ivy Womens Conf.pdf,ivyleague_2026,Ivy League,2026,women,200 Fly,time_suffix_handled: q
2026 Ivy Womens Conf.pdf,ivyleague_2026,Ivy League,2026,women,200 Fly,time_suffix_handled: q
2026 Ivy Womens Conf.pdf,ivyleague_2026,Ivy League,2026,women,200 Fly,time_suffix_handled: STAN Standard
2026 Ivy Womens Conf.pdf,ivyleague_2026,Ivy League,2026,women,200 Fly,time_suffix_handled: Name Y r Team Finals Time
2026 Ivy Womens Conf.pdf,ivyleague_2026,Ivy League,2026,women,100 Back,time_suffix_handled: STAN Standard
2026 Ivy Womens Conf.pdf,ivyleague_2026,Ivy League,2026,women,100 Free,time_suffix_handled: STAN Standard
2026 Ivy Womens Conf.pdf,ivyleague_2026,Ivy League,2026,,,"Event header variation not normalized: 'Preliminaries ... (#9 Women 400 Yard IM) 19 Henriksen, Sophie SRPENN 1:50.09 6.0 16 Mundee, Izzy SODART 1:50.13 q'"
2026 Ivy Womens Conf.pdf,ivyleague_2026,Ivy League,2026,,,"Event header variation not normalized: 'Preliminaries ... (#15 Women 200 Yard Back) 18 Chung, Audrey SOBROW 50.23 7.0 15 Klinginsmith, Lillian SRBROW 50.36 q'"
2026 Ivy Mens Conf.pdf,ivyleague_2026,Ivy League,2026,men,50 Free,Event found on second-pass loose scan (places found: 36)
2026 Ivy Mens Conf.pdf,ivyleague_2026,Ivy League,2026,men,100 Free,Event found on second-pass loose scan (places found: 31)
2026 Ivy Mens Conf.pdf,ivyleague_2026,Ivy League,2026,men,200 Free,Event found on second-pass loose scan (places found: 25)
2026 Ivy Mens Conf.pdf,ivyleague_2026,Ivy League,2026,men,500 Free,Event found on second-pass loose scan (places found: 31)
2026 Ivy Mens Conf.pdf,ivyleague_2026,Ivy League,2026,men,1000 Free,Event found on second-pass loose scan (places found: 25)
2026 Ivy Mens Conf.pdf,ivyleague_2026,Ivy League,2026,men,1650 Free,Event found on second-pass loose scan (places found: 28)
2026 Ivy Mens Conf.pdf,ivyleague_2026,Ivy League,2026,men,100 Back,Event found on second-pass loose scan (places found: 27)
2026 Ivy Mens Conf.pdf,ivyleague_2026,Ivy League,2026,men,200 Back,Event found on second-pass loose scan (places found: 24)
2026 Ivy Mens Conf.pdf,ivyleague_2026,Ivy League,2026,men,100 Breast,Event found on second-pass loose scan (places found: 21)
2026 Ivy Mens Conf.pdf,ivyleague_2026,Ivy League,2026,men,200 Breast,Event found on second-pass loose scan (places found: 19)
2026 Ivy Mens Conf.pdf,ivyleague_2026,Ivy League,2026,men,100 Fly,Event found on second-pass loose scan (places found: 29)
2026 Ivy Mens Conf.pdf,ivyleague_2026,Ivy League,2026,men,200 Fly,Event found on second-pass loose scan (places found: 36)
2026 Ivy Mens Conf.pdf,ivyleague_2026,Ivy League,2026,men,200 IM,Event found on second-pass loose scan (places found: 37)
2026 Ivy Womens Conf.pdf,ivyleague_2026,Ivy League,2026,women,500 Free,Event found on second-pass loose scan (places found: 18)
2026 Ivy Womens Conf.pdf,ivyleague_2026,Ivy League,2026,women,200 IM,Event found on second-pass loose scan (places found: 14)
2026 Ivy Womens Conf.pdf,ivyleague_2026,Ivy League,2026,women,400 IM,Event found on second-pass loose scan (places found: 13)
2026 Ivy Womens Conf.pdf,ivyleague_2026,Ivy League,2026,women,200 Free,Event found on second-pass loose scan (places found: 24)
2026 Ivy Womens Conf.pdf,ivyleague_2026,Ivy League,2026,women,100 Breast,Event found on second-pass loose scan (places found: 20)
2026 Ivy Womens Conf.pdf,ivyleague_2026,Ivy League,2026,women,100 Back,Event found on second-pass loose scan (places found: 21)
2026 Ivy Womens Conf.pdf,ivyleague_2026,Ivy League,2026,women,200 Back,Event found on second-pass loose scan (places found: 11)
2026 Ivy Womens Conf.pdf,ivyleague_2026,Ivy League,2026,women,100 Free,Event found on second-pass loose scan (places found: 25)
2026 Ivy Womens Conf.pdf,ivyleague_2026,Ivy League,2026,women,200 Breast,Event found on second-pass loose scan (places found: 21)
2026 Ivy Womens Conf.pdf,ivyleague_2026,Ivy League,2026,women,,Team scores found on final pages of 2026 Ivy Womens Conf.pdf
2026 Ivy Womens Conf.pdf,ivyleague_2026,Ivy League,2026,,,Team scores searched on last-day file: 2026 Ivy Womens Conf.pdf
2026 Ivy Mens Conf.pdf,ivyleague_2026,Ivy League,2026,men,50 Free,Only prelim results found — no finals detected
2026 Ivy Mens Conf.pdf,ivyleague_2026,Ivy League,2026,men,50 Free,Event recovered on second-pass (complete anchor now available)
2026 Ivy Mens Conf.pdf,ivyleague_2026,Ivy League,2026,men,100 Free,Only prelim results found — no finals detected
2026 Ivy Mens Conf.pdf,ivyleague_2026,Ivy League,2026,men,100 Free,Event recovered on second-pass (complete anchor now available)
2026 Ivy Mens Conf.pdf,ivyleague_2026,Ivy League,2026,men,200 Free,Only prelim results found — no finals detected
2026 Ivy Mens Conf.pdf,ivyleague_2026,Ivy League,2026,men,200 Free,Event recovered on second-pass (complete anchor now available)
2026 Ivy Mens Conf.pdf,ivyleague_2026,Ivy League,2026,men,500 Free,Only prelim results found — no finals detected
2026 Ivy Mens Conf.pdf,ivyleague_2026,Ivy League,2026,men,500 Free,Event recovered on second-pass (complete anchor now available)
2026 Ivy Mens Conf.pdf,ivyleague_2026,Ivy League,2026,men,1000 Free,Only prelim results found — no finals detected
2026 Ivy Mens Conf.pdf,ivyleague_2026,Ivy League,2026,men,1000 Free,Event recovered on second-pass (complete anchor now available)
2026 Ivy Mens Conf.pdf,ivyleague_2026,Ivy League,2026,men,1650 Free,Only prelim results found — no finals detected
2026 Ivy Mens Conf.pdf,ivyleague_2026,Ivy League,2026,men,1650 Free,Event recovered on second-pass (complete anchor now available)
2026 Ivy Mens Conf.pdf,ivyleague_2026,Ivy League,2026,men,100 Back,Only prelim results found — no finals detected
2026 Ivy Mens Conf.pdf,ivyleague_2026,Ivy League,2026,men,100 Back,Event recovered on second-pass (complete anchor now available)
2026 Ivy Mens Conf.pdf,ivyleague_2026,Ivy League,2026,men,200 Back,Only prelim results found — no finals detected
2026 Ivy Mens Conf.pdf,ivyleague_2026,Ivy League,2026,men,200 Back,Event recovered on second-pass (complete anchor now available)
2026 Ivy Mens Conf.pdf,ivyleague_2026,Ivy League,2026,men,100 Breast,Only prelim results found — no finals detected
2026 Ivy Mens Conf.pdf,ivyleague_2026,Ivy League,2026,men,100 Breast,Event recovered on second-pass (complete anchor now available)
2026 Ivy Mens Conf.pdf,ivyleague_2026,Ivy League,2026,men,200 Breast,Only prelim results found — no finals detected
2026 Ivy Mens Conf.pdf,ivyleague_2026,Ivy League,2026,men,200 Breast,Event recovered on second-pass (complete anchor now available)
2026 Ivy Mens Conf.pdf,ivyleague_2026,Ivy League,2026,men,100 Fly,Only prelim results found — no finals detected
2026 Ivy Mens Conf.pdf,ivyleague_2026,Ivy League,2026,men,100 Fly,Event recovered on second-pass (complete anchor now available)
2026 Ivy Mens Conf.pdf,ivyleague_2026,Ivy League,2026,men,200 Fly,Only prelim results found — no finals detected
2026 Ivy Mens Conf.pdf,ivyleague_2026,Ivy League,2026,men,200 Fly,Event recovered on second-pass (complete anchor now available)
2026 Ivy Mens Conf.pdf,ivyleague_2026,Ivy League,2026,men,200 IM,Only prelim results found — no finals detected
2026 Ivy Mens Conf.pdf,ivyleague_2026,Ivy League,2026,men,200 IM,Event recovered on second-pass (complete anchor now available)
2026 Ivy Mens Conf.pdf,ivyleague_2026,Ivy League,2026,men,400 IM,Only prelim results found — no finals detected
2026 Ivy Womens Conf.pdf,ivyleague_2026,Ivy League,2026,women,50 Free,Only prelim results found — no finals detected
2026 Ivy Womens Conf.pdf,ivyleague_2026,Ivy League,2026,women,50 Free,"Implausible 1st-place time 4:53.65 — no better candidate, kept"
2026 Ivy Womens Conf.pdf,ivyleague_2026,Ivy League,2026,women,100 Free,Only prelim results found — no finals detected
2026 Ivy Womens Conf.pdf,ivyleague_2026,Ivy League,2026,women,100 Free,Event recovered on second-pass (complete anchor now available)
2026 Ivy Womens Conf.pdf,ivyleague_2026,Ivy League,2026,women,200 Free,Only prelim results found — no finals detected
2026 Ivy Womens Conf.pdf,ivyleague_2026,Ivy League,2026,women,200 Free,Event recovered on second-pass (complete anchor now available)
2026 Ivy Womens Conf.pdf,ivyleague_2026,Ivy League,2026,women,500 Free,Only prelim results found — no finals detected
2026 Ivy Womens Conf.pdf,ivyleague_2026,Ivy League,2026,women,500 Free,Event incomplete after both passes — 8th place not found
2026 Ivy Womens Conf.pdf,ivyleague_2026,Ivy League,2026,women,1650 Free,Only prelim results found — no finals detected
2026 Ivy Womens Conf.pdf,ivyleague_2026,Ivy League,2026,women,1650 Free,"Implausible 1st-place time 52.31 — no better candidate, kept"
2026 Ivy Womens Conf.pdf,ivyleague_2026,Ivy League,2026,women,100 Back,Only prelim results found — no finals detected
2026 Ivy Womens Conf.pdf,ivyleague_2026,Ivy League,2026,women,100 Back,Event recovered on second-pass (complete anchor now available)
2026 Ivy Womens Conf.pdf,ivyleague_2026,Ivy League,2026,women,200 Back,Only prelim results found — no finals detected
2026 Ivy Womens Conf.pdf,ivyleague_2026,Ivy League,2026,women,200 Back,"Event incomplete after both passes — 8th, 16th place not found"
2026 Ivy Womens Conf.pdf,ivyleague_2026,Ivy League,2026,women,100 Breast,Only prelim results found — no finals detected
2026 Ivy Womens Conf.pdf,ivyleague_2026,Ivy League,2026,women,100 Breast,Event recovered on second-pass (complete anchor now available)
2026 Ivy Womens Conf.pdf,ivyleague_2026,Ivy League,2026,women,200 Breast,Only prelim results found — no finals detected
2026 Ivy Womens Conf.pdf,ivyleague_2026,Ivy League,2026,women,200 Breast,Event incomplete after both passes — 16th place not found despite B-Final data present
2026 Ivy Womens Conf.pdf,ivyleague_2026,Ivy League,2026,women,100 Fly,Only prelim results found — no finals detected
2026 Ivy Womens Conf.pdf,ivyleague_2026,Ivy League,2026,women,200 Fly,Only prelim results found — no finals detected
2026 Ivy Womens Conf.pdf,ivyleague_2026,Ivy League,2026,women,200 IM,Only prelim results found — no finals detected
2026 Ivy Womens Conf.pdf,ivyleague_2026,Ivy League,2026,women,200 IM,Event incomplete after both passes — 1st place not found
2026 Ivy Womens Conf.pdf,ivyleague_2026,Ivy League,2026,women,400 IM,Only prelim results found — no finals detected
2026 Ivy Womens Conf.pdf,ivyleague_2026,Ivy League,2026,women,400 IM,fewer_than_16_finalists — consecutive depth: 8; no B-Final section; event likely had fewer than 16 entrants
